ep,reward,delay,energy,succ
0,1155.4413,1.2360,327.4962,5606
1,1377.3958,1.2363,328.0833,5710
2,1239.5214,1.2359,327.8151,5673
3,1303.4877,1.2298,328.0766,5651
4,1118.6307,1.2407,327.6323,5612
5,1009.9365,1.2430,327.6818,5560
6,1250.8886,1.2370,328.0502,5647
7,1127.8666,1.2463,327.6570,5629
8,1159.4595,1.2341,327.9505,5602
9,1324.2969,1.2361,328.6121,5701
10,1145.9870,1.2403,328.2387,5632
11,1442.3187,1.2371,328.5243,5709
12,1262.0850,1.2376,327.4220,5671
13,1184.4884,1.2282,328.5898,5584
14,1316.5151,1.2334,328.2002,5667
15,1300.0721,1.2344,327.9733,5651
16,1335.7326,1.2369,327.4738,5717
17,1158.0413,1.2456,327.3871,5636
18,1189.7148,1.2457,327.6847,5617
19,1012.7687,1.2441,327.4836,5555
20,1444.8056,1.2278,328.2188,5724
21,1166.8804,1.2322,327.6723,5623
22,1407.6812,1.2395,327.9815,5727
23,1241.3944,1.2345,327.6490,5662
24,1339.0439,1.2349,328.1795,5697
25,1317.1381,1.2488,328.1634,5719
26,1302.8531,1.2348,328.6696,5701
27,1224.6843,1.2371,328.3561,5663
28,1435.2439,1.2390,327.8053,5699
29,1184.4031,1.2439,327.6966,5633
30,1203.7899,1.2427,327.6309,5635
31,1437.4468,1.2274,327.7665,5713
32,1330.2922,1.2387,328.1507,5711
33,1241.6413,1.2285,327.9473,5652
34,1414.7449,1.2356,328.0878,5744
35,1142.9045,1.2403,328.1837,5601
36,1271.5621,1.2395,327.6922,5660
37,1135.0292,1.2507,327.1206,5618
38,1064.8578,1.2496,327.6065,5591
39,1096.8213,1.2412,327.4768,5593
40,1315.1327,1.2360,327.9434,5680
41,1084.7593,1.2428,326.9134,5596
42,1306.7418,1.2360,327.3352,5690
43,1339.8560,1.2376,327.5458,5728
44,1147.0652,1.2382,328.0795,5615
45,1415.3408,1.2379,327.3925,5719
46,1452.3923,1.2232,328.0823,5724
47,1304.6799,1.2357,327.8833,5662
48,1079.6307,1.2395,328.1593,5589
49,1225.1295,1.2434,327.2644,5655
50,1473.9176,1.2278,328.0247,5713
51,1203.5426,1.2370,327.5418,5643
52,1213.1998,1.2340,328.1483,5657
53,1396.4819,1.2347,328.4304,5716
54,1180.1964,1.2402,327.2860,5623
55,1209.0019,1.2364,328.1633,5634
56,1258.2146,1.2410,327.3087,5708
57,1184.4199,1.2360,328.8551,5626
58,1195.8894,1.2283,327.7985,5619
59,1340.0311,1.2252,328.5469,5681
60,1185.8049,1.2428,327.2542,5647
61,1265.2902,1.2342,328.2602,5656
62,1339.7866,1.2308,328.3634,5714
63,1106.3805,1.2349,328.2776,5591
64,1440.6522,1.2292,328.0628,5748
65,1193.3906,1.2382,328.5674,5650
66,1220.7596,1.2384,327.4221,5626
67,1290.5332,1.2376,327.9552,5663
68,1227.0856,1.2370,327.1863,5634
69,1033.1045,1.2459,327.2718,5560
70,1450.6661,1.2244,328.6454,5699
71,1466.7931,1.2295,328.6565,5704
72,1176.2670,1.2349,327.9004,5601
73,1412.0129,1.2305,328.0012,5743
74,1301.8721,1.2331,328.1494,5691
75,1346.1440,1.2271,328.1294,5684
76,1304.4303,1.2344,328.2823,5707
77,1271.7254,1.2415,328.1892,5649
78,1205.1960,1.2380,328.2365,5639
79,1204.5587,1.2465,328.3105,5640
80,1430.2743,1.2380,328.3106,5733
81,1181.5372,1.2412,327.9154,5619
82,1181.2450,1.2343,327.7938,5631
83,1145.6748,1.2434,328.1919,5608
84,1265.5473,1.2258,328.4590,5631
85,1156.3746,1.2406,327.9273,5601
86,995.0258,1.2455,328.0629,5537
87,1194.6991,1.2415,327.4946,5634
88,1109.7355,1.2446,328.2740,5595
89,1199.0619,1.2431,327.5276,5610
90,1339.1304,1.2286,327.6917,5680
91,1193.9325,1.2409,327.5567,5648
92,1045.7103,1.2379,327.8623,5575
93,1270.0761,1.2378,327.6212,5672
94,1155.2122,1.2303,327.8559,5597
95,1256.0329,1.2334,328.1811,5662
96,1331.4091,1.2340,328.0556,5696
97,1114.1206,1.2387,328.3836,5586
98,1307.8986,1.2355,327.7838,5648
99,1304.1471,1.2410,328.2938,5694
100,1070.3480,1.2400,327.5304,5585
101,1193.4621,1.2258,327.7617,5633
102,1312.9380,1.2416,327.8266,5666
103,1212.4848,1.2389,327.9943,5629
104,1266.4346,1.2392,327.5834,5647
105,1373.9070,1.2307,328.0052,5698
106,1036.5027,1.2451,327.9753,5565
107,1134.5807,1.2386,328.1443,5596
108,1261.6442,1.2363,327.7688,5649
109,1211.4211,1.2452,327.7806,5652
110,1217.7251,1.2382,328.7444,5613
111,1405.5762,1.2277,328.3096,5738
112,1398.0009,1.2306,328.2537,5703
113,1159.8978,1.2402,327.6549,5613
114,1240.8515,1.2446,327.6660,5679
115,1291.1953,1.2375,328.6112,5670
116,1269.8358,1.2351,328.2696,5647
117,1310.4353,1.2351,327.9821,5692
118,1299.1767,1.2394,327.6047,5681
119,1219.1863,1.2369,328.0138,5646
120,1196.5611,1.2474,328.2053,5617
121,1356.2213,1.2288,327.7301,5720
122,1310.2648,1.2387,327.6446,5661
123,1230.3787,1.2359,328.1995,5665
124,1210.9036,1.2401,328.1817,5644
125,1186.7071,1.2399,328.1897,5645
126,1369.4180,1.2317,328.6765,5705
127,1215.5000,1.2432,327.9074,5620
128,1336.7686,1.2293,327.5816,5651
129,1251.9183,1.2332,328.3327,5652
130,1300.3976,1.2301,328.0860,5668
131,1298.2178,1.2361,328.4435,5693
132,1153.3778,1.2410,327.5714,5618
133,1072.1635,1.2390,327.2985,5598
134,1368.1049,1.2375,327.4624,5693
135,1113.1329,1.2383,328.3394,5586
136,1269.9402,1.2361,328.2746,5677
137,1253.5095,1.2299,328.0873,5650
138,1296.4487,1.2230,328.4871,5656
139,1129.6450,1.2550,327.4441,5624
140,1255.6602,1.2397,328.7521,5702
141,1257.2361,1.2438,328.3791,5672
142,1155.7868,1.2395,327.9216,5625
143,1194.7477,1.2335,327.4076,5637
144,1356.9112,1.2374,328.3286,5698
145,1163.3206,1.2454,328.1504,5649
146,1309.5154,1.2363,328.0015,5661
147,1181.5682,1.2352,328.4718,5622
148,1279.6306,1.2363,327.6993,5668
149,1116.6568,1.2443,327.6589,5630
150,1200.7825,1.2343,327.5745,5620
151,1168.0030,1.2399,328.6833,5643
152,1147.7369,1.2418,327.7044,5629
153,1140.0656,1.2393,328.4766,5606
154,1235.6182,1.2305,328.4827,5637
155,1208.5390,1.2397,327.3455,5635
156,1253.5907,1.2378,327.9393,5652
157,1318.6052,1.2392,328.0392,5683
158,1287.9630,1.2340,327.8202,5687
159,1186.5962,1.2330,327.5974,5604
160,1260.8559,1.2302,328.4498,5657
161,1240.2700,1.2287,327.7919,5660
162,1202.1397,1.2377,327.9805,5628
163,1314.4953,1.2334,327.9730,5652
164,1121.4400,1.2470,327.5907,5613
165,1230.4273,1.2281,328.0426,5645
166,1247.0950,1.2374,328.1581,5673
167,1250.2691,1.2380,328.2820,5651
168,1164.1326,1.2437,328.1366,5643
169,1012.6629,1.2444,327.1343,5577
170,1141.3371,1.2389,327.5089,5625
171,1092.1580,1.2434,327.0996,5601
172,1177.6932,1.2329,328.2338,5634
173,1141.7742,1.2342,327.0888,5608
174,1296.7011,1.2404,327.9541,5662
175,1201.4623,1.2346,328.3025,5631
176,1206.5339,1.2335,327.7825,5619
177,1080.5013,1.2405,327.8059,5583
178,1161.6450,1.2444,327.7524,5640
179,1179.3082,1.2431,327.3320,5637
180,1231.6324,1.2316,327.7986,5680
181,1271.4634,1.2323,328.5533,5641
182,1188.4565,1.2385,327.7231,5619
183,1221.5162,1.2357,328.2173,5628
184,1186.3270,1.2281,327.8348,5613
185,1334.8779,1.2351,328.2657,5674
186,1090.4140,1.2452,327.4437,5609
187,1211.2404,1.2391,328.0737,5648
188,1263.9885,1.2422,327.8302,5690
189,1017.0952,1.2473,327.0221,5576
190,1347.1825,1.2401,328.2749,5678
191,1155.9856,1.2388,328.0807,5597
192,1415.2070,1.2305,327.8826,5706
193,1019.0838,1.2474,327.7975,5595
194,1257.2105,1.2461,327.2014,5678
195,1327.7736,1.2355,328.2751,5672
196,1238.7200,1.2402,327.7467,5667
197,1229.4062,1.2415,327.9507,5650
198,1305.0968,1.2399,328.1722,5681
199,978.6266,1.2400,328.0311,5512
200,1158.4035,1.2400,328.5772,5609
201,995.2303,1.2413,327.5838,5572
202,1352.4997,1.2360,327.9376,5720
203,1317.8637,1.2352,327.7062,5710
204,1244.7939,1.2345,328.1756,5640
205,1161.4067,1.2391,328.3908,5605
206,1282.7600,1.2428,327.8414,5678
207,1135.3060,1.2416,327.6508,5625
208,1293.0932,1.2315,327.9912,5664
209,1191.9255,1.2438,327.7615,5658
210,1298.1792,1.2271,328.3064,5665
211,1165.7505,1.2390,327.9134,5625
212,1146.4969,1.2401,327.5288,5593
213,1072.2327,1.2453,328.1648,5579
214,1339.0027,1.2317,327.8327,5679
215,966.3015,1.2542,327.7029,5536
216,1371.0919,1.2328,328.6111,5719
217,1197.3425,1.2354,328.0243,5627
218,1221.6355,1.2274,327.4451,5635
219,1148.6669,1.2464,327.4536,5597
220,1294.0250,1.2344,327.8707,5676
221,1395.4145,1.2304,328.4769,5682
222,1246.6197,1.2328,327.6219,5647
223,1092.3726,1.2413,327.8912,5578
224,1264.8867,1.2321,328.0328,5639
225,1109.9525,1.2456,327.7878,5599
226,1021.2666,1.2470,327.5481,5559
227,1412.4852,1.2384,328.0417,5720
228,1123.8367,1.2413,327.3614,5621
229,1325.7360,1.2305,328.2692,5683
230,1166.4065,1.2345,327.8457,5608
231,1357.7977,1.2370,328.7658,5699
232,1156.3077,1.2469,327.5415,5603
233,1310.9996,1.2379,327.3541,5678
234,1260.8015,1.2411,327.9006,5673
235,1216.4584,1.2439,327.5853,5630
236,1098.9769,1.2402,328.2609,5585
237,1355.6455,1.2338,328.4235,5674
238,1120.7351,1.2380,327.7860,5604
239,1196.1279,1.2392,327.8599,5634
240,1133.2012,1.2405,327.9724,5580
241,1295.9972,1.2357,327.9584,5712
242,1172.7326,1.2339,328.1356,5594
243,1143.3590,1.2440,327.5037,5643
244,1023.1271,1.2478,327.4681,5577
245,1329.5905,1.2398,328.1278,5704
246,1131.3832,1.2440,328.1502,5610
247,1281.4220,1.2363,328.3596,5654
248,1120.7000,1.2431,327.2472,5608
249,1340.2577,1.2340,327.6710,5684
250,1304.7048,1.2346,328.3787,5661
251,1554.7810,1.2207,328.4169,5747
252,1194.4467,1.2435,327.5750,5643
253,1377.3403,1.2295,327.7273,5740
254,1020.4842,1.2520,327.7982,5551
255,1340.6147,1.2328,328.1869,5685
256,1291.2509,1.2431,327.4310,5686
257,1289.6119,1.2370,327.3792,5692
258,1319.1906,1.2317,328.1532,5675
259,1252.7338,1.2349,327.9122,5644
260,1215.5412,1.2289,328.6470,5633
261,1267.9815,1.2368,328.3691,5644
262,1197.5999,1.2432,327.5323,5632
263,1353.0710,1.2293,328.1417,5698
264,1335.2600,1.2362,327.7821,5690
265,1208.6882,1.2379,328.0332,5656
266,1094.5609,1.2382,327.6774,5580
267,1275.5267,1.2346,328.0131,5642
268,1229.1185,1.2382,328.0546,5649
269,1235.2275,1.2344,328.5194,5661
270,1309.7068,1.2329,328.3793,5650
271,1109.6781,1.2458,327.4334,5623
272,1256.3428,1.2455,327.3659,5671
273,1125.6806,1.2404,327.7466,5609
274,1428.9103,1.2331,328.3363,5736
275,1218.8295,1.2324,327.5930,5620
276,1333.1445,1.2342,328.1138,5707
277,1263.8890,1.2290,328.3184,5682
278,1083.0218,1.2457,327.4624,5574
279,1190.0535,1.2322,328.1339,5621
280,1094.3159,1.2456,327.5305,5587
281,1233.8678,1.2383,327.5408,5658
282,1159.1683,1.2382,327.5716,5615
283,1375.8422,1.2305,328.2860,5705
284,1409.2799,1.2342,328.0083,5737
285,1017.5833,1.2388,327.3945,5581
286,1215.2695,1.2377,327.5547,5633
287,1166.8303,1.2398,327.6531,5609
288,1260.4640,1.2356,327.6879,5654
289,1253.4006,1.2295,328.2299,5654
290,1118.5073,1.2414,328.2472,5614
291,1385.8122,1.2377,327.9820,5699
292,1244.8933,1.2353,328.2401,5659
293,1367.2877,1.2301,328.3211,5710
294,1224.6994,1.2315,327.6092,5612
295,1251.9196,1.2394,328.4654,5686
296,1188.4009,1.2342,327.6743,5612
297,1054.5557,1.2458,327.4273,5588
298,1172.9991,1.2395,328.1117,5617
299,1331.7088,1.2350,328.1121,5653
300,1206.7756,1.2359,328.0084,5636
301,1163.7992,1.2320,328.4744,5639
302,1445.4185,1.2270,328.4052,5695
303,1191.8477,1.2378,327.4757,5627
304,1326.3000,1.2359,328.3258,5660
305,1222.0817,1.2361,327.6576,5626
306,1304.1081,1.2376,327.8541,5685
307,1279.9738,1.2346,327.7588,5639
308,1191.3874,1.2347,328.9155,5643
309,1186.0587,1.2454,327.4472,5604
310,1365.9444,1.2313,328.2674,5719
311,1263.0690,1.2412,328.2821,5655
312,1306.0671,1.2350,327.5445,5682
313,1235.9262,1.2408,327.2702,5638
314,1243.1133,1.2366,327.3868,5633
315,1301.4058,1.2363,327.6541,5708
316,1179.5162,1.2392,327.8931,5605
317,1273.3724,1.2295,328.0573,5667
318,1134.5916,1.2418,327.8902,5579
319,1189.3875,1.2339,327.8295,5643
320,1073.8566,1.2483,327.5427,5616
321,1182.5434,1.2396,327.9566,5618
322,1297.5792,1.2383,327.5642,5675
323,1183.2447,1.2447,327.5579,5624
324,1233.7314,1.2364,328.2858,5647
325,1284.1492,1.2367,327.9737,5706
326,1168.7915,1.2400,327.4692,5635
327,1408.7737,1.2450,327.6854,5718
328,1317.4886,1.2351,327.5221,5670
329,1192.3411,1.2408,327.4050,5646
330,1219.0385,1.2396,327.9211,5649
331,1341.6131,1.2304,327.8219,5692
332,1021.0516,1.2445,327.8906,5564
333,1325.6753,1.2292,328.0903,5667
334,1187.3283,1.2426,327.5925,5671
335,1175.2971,1.2363,327.5125,5630
336,1340.0977,1.2243,328.5581,5678
337,1282.4915,1.2420,328.1368,5678
338,1279.7775,1.2360,327.5536,5682
339,1234.0178,1.2336,328.2260,5626
340,1049.5571,1.2456,328.2813,5590
341,1106.2416,1.2371,328.1131,5594
342,1378.1161,1.2375,327.8823,5695
343,1268.9152,1.2384,328.1062,5672
344,1221.5421,1.2422,327.2716,5632
345,1321.7232,1.2356,328.2179,5693
346,1366.6509,1.2276,328.0570,5708
347,1270.2659,1.2441,327.8665,5694
348,1249.9229,1.2369,328.0284,5655
349,1348.7473,1.2348,327.7312,5702
350,1375.5281,1.2390,328.3162,5728
351,1293.7770,1.2265,328.0678,5664
352,1316.6473,1.2320,328.1705,5662
353,1072.3808,1.2471,327.2774,5588
354,1309.3272,1.2345,328.0980,5688
355,1328.7437,1.2303,328.0424,5688
356,1182.4917,1.2420,327.6941,5631
357,1180.7198,1.2331,327.9614,5611
358,1269.5228,1.2358,327.5709,5677
359,1359.5416,1.2279,328.8904,5717
360,1307.1104,1.2377,327.9286,5694
361,1277.5950,1.2350,328.1254,5660
362,1205.6099,1.2341,328.4281,5644
363,1148.1704,1.2461,327.2391,5645
364,1390.7984,1.2370,327.6667,5724
365,1355.0882,1.2342,327.8906,5717
366,1378.2680,1.2318,328.5951,5698
367,1087.9691,1.2478,327.3034,5597
368,1311.4337,1.2418,328.4800,5690
369,1308.5216,1.2409,327.9505,5691
370,1033.0764,1.2462,327.4449,5515
371,1130.1493,1.2395,327.5328,5622
372,1267.9312,1.2363,328.0939,5694
373,1240.2228,1.2412,328.2722,5639
374,1312.4914,1.2379,328.1079,5696
375,1041.6485,1.2437,328.1009,5572
376,1291.7043,1.2387,327.8248,5683
377,1057.1375,1.2469,327.5641,5559
378,1198.2091,1.2414,327.9375,5647
379,1132.6791,1.2426,327.0988,5591
380,1347.5723,1.2331,327.9515,5694
381,1222.6966,1.2325,328.0732,5661
382,1478.2964,1.2350,328.2796,5726
383,1184.1305,1.2387,328.6113,5632
384,1175.5173,1.2335,328.0975,5611
385,1118.1977,1.2421,327.8881,5614
386,1305.3751,1.2329,328.1882,5651
387,1236.8580,1.2278,328.6473,5641
388,1220.2103,1.2442,327.3711,5654
389,1012.0549,1.2422,327.9597,5549
390,1153.8234,1.2450,327.5826,5646
391,1290.7852,1.2317,328.4848,5674
392,1306.3752,1.2397,327.7768,5670
393,1237.7049,1.2380,327.7679,5672
394,1318.0304,1.2370,327.6387,5656
395,1348.9239,1.2429,327.5465,5714
396,1172.6243,1.2415,327.7496,5630
397,1106.8119,1.2466,327.9361,5608
398,1305.9289,1.2431,327.3684,5688
399,1417.1345,1.2312,328.4286,5712
400,1326.2924,1.2318,327.9914,5705
401,1206.0487,1.2475,328.1435,5634
402,1172.8664,1.2423,328.2076,5614
403,1303.9524,1.2335,328.5243,5684
404,1166.8814,1.2435,327.7318,5612
405,1303.4622,1.2266,328.5133,5678
406,1148.2803,1.2363,327.7997,5610
407,1296.2955,1.2272,327.5216,5663
408,1202.4031,1.2365,327.8525,5641
409,1263.7624,1.2359,327.9725,5673
410,1329.6101,1.2382,328.2017,5668
411,1137.5493,1.2401,328.3197,5617
412,1206.6597,1.2338,328.3544,5669
413,1297.0133,1.2321,328.2133,5701
414,1160.6692,1.2348,328.1680,5617
415,1368.9422,1.2335,328.1641,5695
416,1307.2820,1.2365,327.5783,5671
417,1203.4366,1.2364,327.8186,5617
418,1172.0944,1.2434,327.1634,5635
419,1346.0522,1.2429,327.1522,5706
420,1276.9947,1.2368,328.2163,5669
421,1279.1565,1.2332,327.7207,5640
422,1054.0858,1.2440,327.7836,5576
423,1248.8823,1.2396,328.0991,5656
424,1029.3838,1.2412,327.2014,5574
425,1129.3066,1.2406,327.4833,5592
426,1174.2602,1.2357,327.7780,5626
427,1246.5583,1.2330,328.0630,5635
428,1387.1681,1.2309,328.4570,5703
429,1277.3154,1.2388,327.9392,5671
430,1123.3506,1.2407,327.8874,5634
431,1081.7197,1.2420,328.0226,5598
432,1265.2485,1.2389,327.9915,5653
433,1474.9189,1.2224,327.9850,5725
434,1327.8699,1.2325,327.8701,5687
435,1184.8498,1.2433,328.6892,5647
436,1217.1253,1.2405,327.9534,5659
437,1256.3288,1.2453,327.5410,5658
438,1195.0651,1.2459,327.1474,5643
439,1284.4885,1.2320,328.2733,5658
440,1160.0341,1.2357,329.3915,5632
441,1384.1834,1.2366,327.8204,5742
442,1236.2759,1.2378,327.9653,5660
443,1184.6591,1.2390,328.4322,5640
444,1333.6924,1.2299,328.0135,5669
445,1257.3560,1.2348,328.6417,5633
446,1248.1603,1.2360,327.9925,5659
447,1273.9180,1.2347,328.2561,5670
448,1312.0777,1.2404,327.9776,5688
449,1256.7235,1.2341,328.4313,5688
450,1268.4170,1.2410,328.4938,5695
451,1152.8129,1.2493,327.6950,5653
452,1394.1462,1.2396,327.5438,5736
453,1113.0706,1.2420,327.5936,5576
454,1238.9210,1.2309,328.1982,5667
455,1094.0172,1.2381,327.5747,5573
456,1126.8803,1.2376,327.7952,5588
457,1296.5762,1.2312,328.4119,5674
458,1289.4884,1.2337,328.4712,5675
459,1308.4728,1.2446,327.7052,5711
460,1086.3864,1.2477,327.4715,5601
461,1114.2032,1.2333,328.7943,5560
462,1187.0554,1.2361,327.8273,5637
463,1223.5626,1.2497,327.2609,5663
464,1305.0963,1.2285,328.3542,5682
465,1215.6220,1.2392,327.9548,5642
466,1427.3691,1.2337,327.9859,5752
467,1121.8042,1.2367,327.6647,5614
468,1387.4505,1.2353,328.5522,5708
469,1310.6920,1.2386,328.4098,5682
470,1213.7836,1.2361,328.2213,5614
471,1178.2390,1.2410,327.9720,5635
472,1217.2757,1.2423,328.3501,5652
473,1220.8666,1.2363,328.3847,5643
474,1326.8884,1.2364,327.9577,5694
475,1318.8535,1.2290,328.1829,5666
476,1430.8054,1.2330,327.7700,5715
477,1230.3273,1.2380,327.9830,5633
478,1334.9944,1.2391,327.4499,5682
479,1256.7979,1.2420,327.5302,5669
480,1086.6825,1.2416,327.5712,5583
481,1063.0884,1.2425,328.9154,5550
482,1149.5969,1.2415,327.5714,5646
483,1079.8353,1.2442,327.8157,5552
484,1404.8105,1.2331,328.2778,5746
485,1249.2587,1.2329,328.0181,5665
486,1224.2894,1.2327,327.8917,5600
487,1277.3116,1.2309,328.2539,5624
488,1278.9436,1.2477,327.8755,5702
489,1300.2792,1.2237,328.3555,5658
490,1197.3152,1.2379,326.9380,5646
491,1203.7028,1.2407,327.8913,5604
492,1150.6913,1.2455,327.7246,5630
493,1380.5059,1.2402,327.9744,5704
494,1164.0926,1.2405,327.5823,5648
495,1209.0131,1.2377,327.8045,5618
496,1201.2452,1.2317,327.9759,5618
497,1264.4098,1.2363,327.8450,5654
498,1504.8428,1.2281,328.7815,5740
499,1109.6324,1.2428,327.5208,5598
500,1294.2731,1.2297,328.7619,5670
501,1082.3915,1.2420,327.3596,5570
502,1462.3960,1.2303,327.1363,5765
503,1186.6841,1.2326,328.7644,5627
504,1190.0910,1.2337,328.4204,5623
505,1319.2641,1.2344,328.2845,5672
506,1198.8466,1.2442,327.7663,5655
507,1201.4827,1.2374,327.4919,5639
508,1105.8872,1.2434,327.5252,5617
509,1326.5992,1.2256,328.0317,5680
510,1325.6104,1.2261,328.5960,5641
511,1160.0068,1.2417,328.2987,5628
512,1432.1077,1.2339,328.1954,5744
513,1298.9151,1.2371,327.4332,5666
514,1235.5080,1.2341,328.2732,5648
515,1257.0402,1.2330,327.7775,5663
516,1440.3464,1.2284,328.9229,5718
517,1097.3939,1.2423,327.8372,5583
518,1104.2447,1.2370,328.1946,5590
519,1181.1515,1.2380,328.0162,5605
520,1269.7152,1.2330,328.1042,5674
521,1084.0711,1.2422,327.3647,5590
522,1257.0705,1.2375,328.0383,5621
523,1163.4340,1.2332,327.8620,5630
524,1310.4913,1.2268,327.5767,5669
525,1292.5735,1.2288,328.7427,5643
526,1177.4433,1.2417,328.1412,5663
527,1266.8638,1.2368,328.5395,5661
528,1153.2598,1.2358,327.9201,5614
529,1100.7897,1.2378,328.4775,5611
530,1255.7540,1.2358,328.2686,5639
531,1227.0692,1.2393,327.5780,5671
532,1191.5128,1.2513,327.7012,5666
533,1244.7356,1.2335,327.8418,5663
534,1239.5513,1.2317,327.8975,5649
535,1045.1416,1.2392,327.7158,5565
536,1206.8038,1.2366,328.2939,5618
537,1240.8384,1.2455,328.5135,5646
538,1317.3623,1.2252,328.5280,5665
539,1292.5633,1.2392,328.3422,5689
540,1336.5340,1.2413,328.0215,5705
541,1401.8510,1.2276,328.0835,5699
542,1186.9073,1.2362,327.6073,5635
543,1391.7977,1.2266,328.0806,5708
544,1253.4113,1.2311,327.7012,5659
545,1341.4639,1.2344,328.7833,5723
546,1188.6650,1.2340,328.2507,5623
547,1349.0039,1.2327,328.4866,5687
548,1165.1014,1.2459,327.1304,5610
549,1367.3193,1.2435,328.4643,5706
550,1134.4026,1.2446,327.9430,5601
551,1160.0578,1.2377,328.4663,5608
552,1138.3988,1.2440,327.8557,5578
553,1530.3636,1.2348,328.0228,5773
554,1132.1937,1.2395,327.7224,5621
555,1220.9649,1.2357,328.6443,5626
556,1408.3091,1.2321,328.5800,5735
557,1262.8341,1.2372,328.1860,5675
558,1127.6051,1.2380,327.1417,5595
559,1153.5082,1.2461,327.7807,5614
560,1367.7775,1.2289,328.2448,5668
561,1215.4160,1.2326,327.9946,5652
562,1202.9891,1.2377,328.0523,5643
563,1231.3623,1.2373,327.6098,5664
564,1182.6293,1.2410,327.6407,5599
565,1246.7532,1.2452,327.4783,5679
566,1169.4018,1.2389,327.5085,5617
567,1196.5415,1.2421,328.3206,5638
568,1175.9249,1.2428,327.9310,5615
569,1265.5911,1.2406,328.1367,5641
570,1305.4055,1.2398,327.6392,5680
571,1227.5973,1.2354,328.1343,5666
572,1133.2263,1.2484,327.5796,5641
573,1263.3137,1.2329,327.8868,5644
574,1213.9876,1.2313,328.0833,5643
575,1213.1021,1.2317,327.8537,5627
576,1236.8215,1.2373,327.7713,5660
577,1198.6981,1.2413,328.0986,5637
578,1134.8301,1.2284,328.3665,5594
579,1265.6241,1.2289,328.0967,5653
580,1179.1069,1.2420,327.9574,5657
581,1264.3628,1.2375,328.2073,5646
582,1038.0438,1.2389,328.1013,5534
583,1128.3528,1.2464,327.7269,5617
584,1159.8822,1.2344,327.8947,5601
585,1182.8213,1.2405,327.9035,5647
586,1278.4705,1.2417,327.8046,5666
587,1144.9575,1.2391,327.9936,5644
588,1362.5752,1.2230,328.7628,5694
589,1355.7150,1.2298,328.0091,5701
590,1336.5975,1.2395,328.3417,5706
591,1270.5913,1.2309,327.7818,5631
592,1215.4901,1.2341,328.2663,5624
593,1277.1694,1.2271,328.1828,5646
594,1400.3889,1.2222,328.9166,5684
595,1057.4992,1.2412,327.5760,5568
596,1150.3910,1.2367,327.8432,5595
597,1184.3097,1.2312,328.3367,5619
598,1379.9061,1.2362,328.3718,5690
599,1244.9062,1.2495,328.2234,5672
600,1295.9347,1.2338,328.1539,5657
601,1140.4819,1.2482,327.1909,5605
602,1349.7904,1.2401,327.5514,5743
603,1328.2408,1.2299,327.2826,5690
604,1189.5756,1.2356,328.0013,5644
605,1216.4009,1.2349,328.4100,5648
606,1210.1300,1.2317,328.1121,5644
607,1186.2735,1.2378,327.5425,5603
608,1554.2090,1.2248,328.5781,5767
609,1167.2838,1.2242,328.6061,5606
610,1195.2700,1.2388,327.9273,5647
611,1179.3659,1.2356,327.8387,5634
612,1328.6539,1.2378,327.6181,5700
613,1165.0652,1.2340,328.6996,5605
614,1258.2087,1.2383,328.7973,5675
615,1377.3651,1.2295,327.9416,5686
616,1143.1740,1.2431,328.0405,5620
617,1349.8915,1.2364,327.7650,5671
618,1262.2341,1.2312,328.2981,5643
619,1409.3201,1.2397,327.8786,5721
620,1065.4851,1.2439,327.6745,5579
621,1134.5851,1.2395,327.7128,5604
622,1237.6994,1.2396,327.8936,5646
623,1305.2136,1.2367,327.8716,5662
624,1357.3616,1.2245,328.7743,5676
625,1121.3628,1.2350,327.8133,5583
626,1002.2855,1.2434,327.5365,5567
627,1043.5620,1.2425,328.1359,5581
628,1267.6623,1.2378,328.3582,5646
629,1084.0302,1.2340,327.7709,5605
630,1325.9023,1.2394,327.8776,5706
631,1206.9763,1.2369,327.4551,5661
632,1210.9789,1.2374,327.9768,5643
633,1252.9070,1.2393,328.5396,5642
634,1148.4648,1.2467,327.6711,5631
635,1119.9784,1.2449,327.8172,5603
636,1244.6027,1.2423,327.2763,5631
637,1295.6076,1.2355,327.9788,5685
638,1262.3119,1.2342,328.0705,5645
639,1265.4064,1.2302,328.2857,5657
640,1225.9737,1.2346,327.9995,5628
641,1114.9856,1.2414,328.5989,5597
642,1222.3057,1.2341,327.7421,5646
643,1129.1774,1.2419,327.6636,5592
644,1197.8553,1.2318,328.6064,5630
645,1427.5524,1.2385,328.0360,5740
646,1267.0499,1.2396,327.8724,5658
647,1088.7262,1.2387,327.7774,5601
648,1405.4375,1.2305,328.4592,5695
649,1134.1322,1.2428,328.3384,5601
650,1292.5223,1.2309,327.9995,5671
651,1380.4379,1.2370,328.4485,5706
652,1105.2905,1.2390,327.9715,5582
653,1352.6760,1.2391,327.8322,5702
654,1411.4198,1.2357,328.0257,5743
655,1285.0231,1.2322,327.8511,5661
656,1322.6123,1.2358,327.9577,5680
657,1300.4275,1.2331,327.9187,5659
658,1318.7432,1.2272,328.5741,5687
659,1241.8843,1.2314,327.7552,5660
660,1179.4269,1.2361,328.3054,5624
661,1154.0754,1.2376,327.5286,5603
662,1293.4267,1.2331,328.1836,5664
663,1222.0207,1.2384,327.6282,5676
664,1168.4096,1.2387,328.2232,5635
665,1259.1727,1.2301,328.3648,5649
666,1298.0800,1.2276,328.2014,5669
667,1240.2444,1.2437,328.2216,5651
668,1144.6008,1.2421,328.3014,5636
669,1321.0253,1.2358,327.7266,5676
670,1440.5367,1.2275,328.4809,5744
671,1147.5372,1.2348,328.4145,5626
672,1126.6953,1.2450,327.6326,5595
673,1310.8817,1.2244,328.0936,5689
674,1204.9130,1.2345,327.6547,5628
675,1295.2688,1.2387,327.2291,5682
676,1221.3763,1.2447,328.0259,5655
677,1373.0343,1.2360,327.4421,5731
678,1213.1161,1.2391,327.7541,5642
679,1175.6829,1.2363,328.3053,5623
680,1195.5540,1.2421,327.5539,5647
681,1375.7946,1.2387,327.4385,5712
682,1197.3227,1.2321,328.0981,5623
683,1087.1652,1.2422,328.0233,5595
684,1162.1795,1.2406,327.9466,5615
685,1239.6809,1.2313,327.9224,5652
686,1118.1216,1.2451,327.6049,5591
687,1096.6465,1.2425,328.3891,5625
688,1274.0585,1.2427,327.3127,5670
689,1014.8362,1.2458,327.2750,5573
690,1236.7303,1.2424,327.5061,5642
691,1208.8538,1.2392,327.8049,5657
692,1279.1458,1.2294,328.3804,5650
693,1299.1826,1.2303,327.9901,5672
694,1220.3644,1.2432,327.3915,5655
695,1298.0927,1.2361,328.1688,5668
696,1315.6998,1.2390,327.8689,5692
697,1273.8768,1.2441,327.4925,5667
698,1243.6414,1.2368,328.0906,5683
699,1284.5705,1.2326,328.1065,5649
700,1341.3753,1.2340,327.6366,5693
701,1252.7815,1.2433,328.0535,5641
702,1105.7058,1.2448,327.7646,5592
703,1136.9393,1.2360,327.6251,5585
704,1344.0424,1.2391,327.8816,5678
705,1240.1235,1.2348,327.9317,5650
706,1172.4875,1.2361,328.5805,5616
707,1297.3399,1.2316,328.0480,5660
708,1120.8096,1.2390,327.6972,5620
709,1380.7191,1.2346,327.3350,5707
710,1283.6682,1.2232,328.1367,5682
711,1279.4383,1.2359,328.0154,5677
712,1253.7502,1.2374,328.1543,5637
713,1351.2927,1.2407,327.8725,5716
714,1382.1156,1.2339,329.2092,5731
715,967.1276,1.2454,328.3120,5541
716,1112.1657,1.2371,327.8062,5587
717,1140.3618,1.2440,327.3438,5599
718,1243.2068,1.2321,328.3958,5622
719,1298.4670,1.2398,327.8618,5662
720,1343.5886,1.2343,328.2312,5694
721,1266.0522,1.2350,327.6622,5636
722,1186.9165,1.2388,328.0954,5647
723,1166.9231,1.2402,327.9597,5636
724,1262.5574,1.2424,328.2704,5678
725,1322.0362,1.2299,328.0103,5668
726,1207.0968,1.2352,328.6810,5615
727,1111.2845,1.2455,328.0870,5608
728,1155.5279,1.2329,328.2274,5591
729,1065.2332,1.2354,327.4593,5584
730,1309.3350,1.2309,329.2462,5661
731,1325.7190,1.2368,328.2404,5649
732,1193.1311,1.2382,327.3997,5638
733,1229.8497,1.2384,326.8961,5664
734,1286.6678,1.2360,328.2623,5644
735,1111.9534,1.2396,327.4878,5580
736,1317.6732,1.2324,328.2477,5685
737,1412.0180,1.2335,327.9821,5721
738,1338.4952,1.2260,328.0786,5668
739,1162.4020,1.2390,327.6530,5627
740,1091.6359,1.2381,327.4558,5601
741,1266.8828,1.2444,328.1741,5663
742,1168.8695,1.2385,327.8254,5600
743,1291.7031,1.2387,327.7213,5710
744,1246.0734,1.2361,328.3484,5657
745,1319.2747,1.2402,328.2437,5679
746,1216.2336,1.2400,328.3785,5615
747,1103.1958,1.2398,327.6632,5597
748,1293.0434,1.2358,328.4571,5703
749,1286.4321,1.2324,327.4032,5667
750,1204.3607,1.2308,327.4707,5638
751,1351.6566,1.2276,327.9105,5705
752,1364.8281,1.2302,328.3010,5693
753,1277.6724,1.2327,327.9059,5625
754,1117.8072,1.2415,328.0064,5614
755,1093.4012,1.2386,328.0585,5588
756,1356.4141,1.2259,327.9140,5676
757,1298.2586,1.2351,327.9009,5703
758,1074.9107,1.2561,327.6571,5632
759,1248.3617,1.2405,328.0824,5674
760,1119.3971,1.2457,327.6310,5595
761,1220.1514,1.2383,327.5393,5641
762,1259.7042,1.2377,327.6948,5652
763,1138.9713,1.2362,327.6159,5616
764,1189.1405,1.2403,327.3256,5592
765,1036.2169,1.2471,327.6222,5551
766,1227.3915,1.2417,327.7841,5655
767,1157.6647,1.2352,328.1458,5596
768,1314.5066,1.2344,328.5067,5686
769,1344.3914,1.2255,328.0983,5676
770,1150.7000,1.2362,327.4299,5613
771,1123.6867,1.2405,327.6865,5584
772,1202.1562,1.2404,328.2471,5640
773,1300.8983,1.2392,327.9528,5680
774,1150.3682,1.2386,327.5070,5638
775,1293.1412,1.2366,328.0821,5667
776,1192.7031,1.2376,327.9660,5621
777,1375.3597,1.2395,328.0546,5723
778,1192.4782,1.2424,327.7832,5652
779,1312.6934,1.2305,328.1630,5693
780,1173.2004,1.2357,327.4741,5613
781,1420.1042,1.2461,328.2913,5694
782,918.7597,1.2489,327.5216,5505
783,1351.8422,1.2365,327.7040,5710
784,1142.3366,1.2463,327.8177,5624
785,1353.2760,1.2340,328.4024,5679
786,1308.0169,1.2289,328.3954,5686
787,1173.9356,1.2411,328.2990,5650
788,1069.1822,1.2484,327.8899,5570
789,1257.6923,1.2413,328.3697,5656
790,1383.8044,1.2386,327.7468,5699
791,1149.2006,1.2436,327.6417,5596
792,1138.9024,1.2377,327.8763,5607
793,1312.5608,1.2365,328.1055,5705
794,1172.7064,1.2400,327.8085,5604
795,1269.9365,1.2337,328.0764,5662
796,1236.8713,1.2374,327.2856,5650
797,1238.2489,1.2357,328.3961,5657
798,1040.0510,1.2432,327.5580,5539
799,1335.5252,1.2379,327.6694,5697
800,1173.5096,1.2453,327.3470,5623
801,1285.1692,1.2344,328.2462,5648
802,1408.8759,1.2380,327.6452,5711
803,1212.4760,1.2425,328.0232,5613
804,1193.2285,1.2484,327.5638,5646
805,1284.8565,1.2368,328.0092,5649
806,1317.0550,1.2326,328.2184,5673
807,1264.7348,1.2375,326.7024,5676
808,1061.6509,1.2464,327.6611,5587
809,1060.5664,1.2372,328.0627,5588
810,1236.2031,1.2340,327.8113,5665
811,1224.6818,1.2457,328.2836,5647
812,1168.8622,1.2394,328.1277,5626
813,1361.8108,1.2245,329.0225,5702
814,1086.7600,1.2413,327.5820,5557
815,1291.7556,1.2327,328.2975,5678
816,1143.1278,1.2427,327.6776,5597
817,1242.4691,1.2324,328.6351,5660
818,1095.0278,1.2422,327.3595,5569
819,1145.1171,1.2366,327.8365,5583
820,1241.1612,1.2408,327.8515,5631
821,1295.7146,1.2382,327.9876,5711
822,1274.0023,1.2294,327.4022,5644
823,1310.9655,1.2354,327.4358,5707
824,1341.9737,1.2360,328.2525,5686
825,1428.8952,1.2290,327.7518,5713
826,1246.0428,1.2318,328.5086,5671
827,1055.5310,1.2394,327.8774,5550
828,1218.0454,1.2382,327.7960,5644
829,1310.2741,1.2414,328.1131,5681
830,1305.7543,1.2394,328.0117,5683
831,1221.7367,1.2363,327.6849,5664
832,1301.0846,1.2307,327.6622,5674
833,1195.7478,1.2367,327.6976,5607
834,1129.5801,1.2470,327.6812,5627
835,1239.9454,1.2444,327.6554,5642
836,954.7841,1.2480,327.3112,5553
837,989.1377,1.2426,327.5600,5568
838,1219.4448,1.2397,328.1163,5641
839,1305.0434,1.2384,328.3568,5686
840,1312.2352,1.2366,327.8101,5693
841,1402.7568,1.2361,327.8564,5716
842,1382.1273,1.2383,327.5309,5725
843,1232.4546,1.2377,327.8013,5621
844,1208.9739,1.2361,327.6629,5612
845,1180.5650,1.2406,328.1795,5599
846,1230.8879,1.2367,328.1177,5670
847,1076.4741,1.2503,326.6319,5602
848,1277.0250,1.2335,327.8030,5672
849,1209.4135,1.2354,328.3635,5619
850,1299.2253,1.2349,328.2205,5653
851,1066.4955,1.2442,327.5171,5548
852,1172.7071,1.2396,327.4832,5620
853,1187.5533,1.2393,327.5490,5656
854,1299.5223,1.2286,328.0947,5639
855,1094.2827,1.2443,327.3607,5604
856,1325.0028,1.2308,328.1343,5679
857,1296.8916,1.2381,327.7488,5678
858,1133.8985,1.2351,327.9506,5584
859,1207.2401,1.2427,327.7620,5636
860,1230.3058,1.2434,328.3144,5641
861,1356.8990,1.2363,328.1599,5698
862,1190.6763,1.2410,327.1187,5634
863,1315.7778,1.2352,328.3133,5709
864,1332.0265,1.2376,328.1504,5713
865,1270.7874,1.2350,327.6686,5658
866,1183.1479,1.2398,327.9330,5604
867,1285.2488,1.2374,328.2110,5676
868,1083.1955,1.2384,327.7868,5576
869,1185.6732,1.2350,327.7658,5610
870,1342.0492,1.2351,327.4113,5711
871,1320.4392,1.2297,328.2387,5677
872,1164.0706,1.2341,328.2207,5636
873,1273.7344,1.2396,327.0515,5658
874,1360.0070,1.2316,328.7533,5672
875,1407.8905,1.2249,328.3946,5740
876,1149.1059,1.2483,327.8846,5634
877,1427.7256,1.2316,327.9374,5737
878,1223.7300,1.2449,327.7118,5619
879,1255.5998,1.2358,328.1878,5642
880,1058.0882,1.2412,328.3652,5562
881,1081.0737,1.2435,327.4348,5559
882,1069.0074,1.2416,327.8006,5615
883,1249.2250,1.2335,328.7145,5651
884,1375.1388,1.2332,329.0484,5710
885,1114.1052,1.2496,327.8988,5619
886,1234.6879,1.2371,328.3661,5656
887,1210.7588,1.2342,327.9293,5637
888,1193.8581,1.2411,327.8654,5615
889,1157.9823,1.2361,327.4723,5600
890,1249.4011,1.2426,327.7883,5656
891,1472.9366,1.2277,328.3414,5780
892,1384.7800,1.2271,327.8179,5721
893,1161.8572,1.2345,327.4301,5617
894,1302.7581,1.2385,328.2397,5682
895,1254.6769,1.2375,328.0401,5648
896,1312.2364,1.2351,328.0012,5683
897,1220.2030,1.2447,327.5912,5642
898,1213.4968,1.2322,328.1329,5648
899,931.3141,1.2444,327.8683,5483
900,1027.7597,1.2451,327.5802,5588
901,1364.5313,1.2266,328.2989,5688
902,1201.9766,1.2398,327.3442,5630
903,1228.6790,1.2378,328.2249,5658
904,1199.5635,1.2396,328.3487,5621
905,1315.8127,1.2380,328.1485,5675
906,1311.8730,1.2300,327.6342,5675
907,1157.2848,1.2434,328.0711,5612
908,1153.1481,1.2363,328.3329,5625
909,1237.1407,1.2411,327.9373,5650
910,1229.4771,1.2419,328.1752,5661
911,1024.3897,1.2461,327.8442,5527
912,1160.1923,1.2449,327.6044,5659
913,1188.4913,1.2435,327.9487,5623
914,1181.6764,1.2406,327.8139,5628
915,1258.8551,1.2400,328.1068,5665
916,1222.7465,1.2354,327.7993,5651
917,1045.4941,1.2416,327.8796,5557
918,1273.0700,1.2367,328.0729,5651
919,1216.5230,1.2344,328.4660,5631
920,1305.1703,1.2366,327.1664,5712
921,1225.1930,1.2334,328.3621,5648
922,1311.7232,1.2393,327.5645,5711
923,1168.5746,1.2395,327.6955,5654
924,1327.6469,1.2315,327.9341,5709
925,1237.7235,1.2342,327.6992,5642
926,1266.1269,1.2352,328.4376,5616
927,1331.2792,1.2406,327.7025,5726
928,1285.2211,1.2390,328.0137,5664
929,1328.9349,1.2379,328.0762,5687
930,1344.2136,1.2387,327.7345,5682
931,1251.2041,1.2310,328.1111,5655
932,1347.4639,1.2335,327.8134,5674
933,1225.0969,1.2403,327.9524,5632
934,1207.9073,1.2384,327.6201,5630
935,1273.6443,1.2322,328.3506,5638
936,1121.8421,1.2404,328.2119,5596
937,1335.3805,1.2369,327.9725,5686
938,1240.2960,1.2433,328.0106,5659
939,1381.7491,1.2302,328.0554,5715
940,1304.2451,1.2367,327.4198,5672
941,1191.0061,1.2383,328.0122,5628
942,1265.6390,1.2389,327.8373,5669
943,1180.0192,1.2386,327.6225,5633
944,1164.5276,1.2433,327.4277,5640
945,1288.4150,1.2359,327.8231,5672
946,1258.8962,1.2334,327.5227,5655
947,1408.1857,1.2435,327.5527,5740
948,1228.2557,1.2323,328.2976,5627
949,1252.4957,1.2472,328.2255,5702
950,1244.4903,1.2432,328.4169,5671
951,1259.6473,1.2335,327.6887,5677
952,1194.2707,1.2370,327.9312,5640
953,1359.9558,1.2335,328.6266,5679
954,1208.2753,1.2414,327.9966,5660
955,1230.8589,1.2359,328.1658,5662
956,1468.0602,1.2283,328.1376,5757
957,1310.2073,1.2351,328.1516,5668
958,1302.2233,1.2355,328.2072,5665
959,1181.7453,1.2405,327.9348,5612
960,1258.8461,1.2374,327.8341,5647
961,1119.1503,1.2447,328.0786,5630
962,1278.6571,1.2272,328.0583,5661
963,1246.4689,1.2429,328.1332,5682
964,1058.4053,1.2363,327.9881,5565
965,1284.9553,1.2344,327.4821,5670
966,1032.3444,1.2479,327.5531,5567
967,1166.1638,1.2345,328.5927,5620
968,1098.9422,1.2411,327.5589,5599
969,1178.4932,1.2354,328.1510,5607
970,1146.8673,1.2334,327.9640,5609
971,1193.2087,1.2384,328.0466,5630
972,1217.5760,1.2353,328.1008,5642
973,1179.8923,1.2391,328.2247,5660
974,1193.8051,1.2510,327.3035,5666
975,1310.0455,1.2417,327.5326,5661
976,1218.6286,1.2361,328.1336,5659
977,1308.5629,1.2426,326.9103,5705
978,1206.9194,1.2428,327.7492,5662
979,1260.3919,1.2322,327.2127,5673
980,1115.4367,1.2450,327.5714,5630
981,1094.9336,1.2503,328.0350,5635
982,1239.1116,1.2326,328.4086,5654
983,1097.0216,1.2482,327.5324,5602
984,1268.8188,1.2340,327.6153,5657
985,1317.0902,1.2383,327.9586,5682
986,1177.5156,1.2393,327.5712,5629
987,1516.9553,1.2262,328.2064,5729
988,1079.3388,1.2412,327.7553,5600
989,1276.4908,1.2325,328.3785,5656
990,1287.3559,1.2330,328.1082,5666
991,1309.4058,1.2350,327.4650,5675
992,1205.6182,1.2354,327.5119,5647
993,1165.9749,1.2402,327.6334,5619
994,1262.9131,1.2351,327.8219,5653
995,1226.7512,1.2387,328.1992,5659
996,1362.5875,1.2396,327.1886,5711
997,1379.2602,1.2319,328.4810,5676
998,1220.1518,1.2339,328.4343,5640
999,1308.1398,1.2363,328.2860,5662
