Episode,Reward,Avg_Delay,Total_Energy
0,-555.0968896340944,1.9219048973352384,341.4318214403556
1,-619.7316994331876,2.2572910674212507,336.546972012316
2,-556.6980465306699,1.9295900888043642,341.56005658591954
3,-665.0289191963037,2.4900730656864485,334.028611049913
4,-652.1430267958882,2.4237740305829676,334.776442121529
5,-661.6481409212562,2.4720387877168726,334.48076603097184
6,-636.9061297630902,2.3434877876115388,336.4171449774765
7,-588.0652574115365,2.0908014315623173,339.8099421981463
8,-632.7984680519336,2.3205080629930137,337.3937102581625
9,-650.3040548024375,2.412870008701127,335.4601063914531
10,-644.8322614153566,2.384502968318076,335.8633346261024
11,-644.6178523365297,2.3837702583764027,335.7276009791757
12,-665.8116876510793,2.4932884104691695,334.3080116104019
13,-659.1759696864884,2.4594509008841463,334.57157989669946
14,-658.1794776892787,2.455665009689931,334.092950625205
15,-597.8257742325209,2.141836095620146,338.91711048401345
16,-695.1949523527705,2.64640314685744,331.8286479843549
17,-665.0876901646288,2.4912122179647302,333.6904931433663
18,-658.4089554412934,2.4554812711980074,334.62540110638554
19,-628.9054422759533,2.3048359088715076,335.87652138477284
20,-618.8400103073279,2.2521215770858394,336.8313887884991
21,-595.9427301398215,2.133958947305433,338.30188162449826
22,-669.526948892532,2.514514642715436,333.24804069888967
23,-561.7435476185151,1.9586741726497445,340.01742613898574
24,-640.8971173657936,2.367077784208012,334.96312013285564
25,-554.2008619276556,1.9188569807180154,340.8589296226103
26,-595.2547370374795,2.1352462024648027,336.41099286015526
27,-605.5101111176577,2.18722041518317,336.1320555135486
28,-607.0832022633102,2.192365569170968,337.220176247882
29,-595.3472103438636,2.1319009140591954,337.9340544536976
30,-627.0095687279822,2.291572352827836,337.3901967063008
31,-561.1378659492269,1.9535021260926557,340.87488134695144
32,-648.3101608648922,2.4056241267403378,334.37067030885765
33,-583.1020255735901,2.070277470276182,338.0930629222661
34,-673.5513349100025,2.537609853578282,332.05872903719006
35,-587.0437284507847,2.0911819577379025,337.61467376826226
36,-666.1962949735007,2.4988361950334976,332.85811166657317
37,-640.9169943280993,2.366122309475973,335.3850658576316
38,-610.8478530290663,2.2120644869580235,336.8699125719202
39,-655.6053268635969,2.4390798052185816,335.57873297490494
40,-679.3393129451614,2.5584750878231044,335.28859076108165
41,-659.6289578197363,2.45895928829473,335.67419940605316
42,-627.6747616623237,2.2919572348175676,338.5666284439452
43,-592.8893387418967,2.1150153883205585,339.7725227277751
44,-622.4125167823552,2.265101560139196,338.7844099667947
45,-660.5816141101753,2.4751631378520687,331.09797170623193
46,-632.0318962204667,2.313446618796827,338.68514324373615
47,-631.6745323993565,2.307881925115993,340.19629326458465
48,-595.7115463480668,2.1271273044902914,340.57217124334034
49,-590.3622450568072,2.10123440237156,340.2307288598147
50,-640.0352441545513,2.3608126807142136,335.7454154130652
51,-539.947908245896,1.8395126791997367,344.09074500263205
52,-638.3500785358499,2.3557064010048383,334.41759712752685
53,-668.5520655851199,2.504140840774483,335.44779535635644
54,-618.6129260154358,2.2508168420412336,336.8991141844092
55,-595.6496600665306,2.1315798785526208,338.6673681779549
56,-667.6676315713974,2.507052083678519,332.514428450683
57,-618.2088768221141,2.253271547599705,335.10913475693417
58,-622.5801380397683,2.272781267485114,336.0477676740527
59,-648.7859429976627,2.416842779650298,330.8347734867062
60,-649.2921201679463,2.4195634566496715,330.7588564934673
61,-662.9591295647624,2.4921452058228093,329.0601771055764
62,-598.671605016423,2.160332084457961,333.21037678371846
63,-612.1965883741921,2.219451670036349,336.6125088101397
64,-569.8364123329311,2.0121113597131837,334.82828154352785
65,-659.3838520967811,2.4676377122678916,331.71261810384954
66,-687.5781880478364,2.6153992763309555,328.99666388482314
67,-605.8705275624006,2.187510895383335,336.73669624667525
68,-598.4070275917611,2.1500764483814225,336.78347621242284
69,-626.4444256350138,2.2894047892471603,337.1269356093099
70,-641.4521628498895,2.371981533427935,334.11171152751746
71,-607.9074768714244,2.2048106295879695,333.89070202210155
72,-641.5078934234446,2.378428481239819,331.64439335914045
73,-582.2174392913054,2.072802867620475,335.3137314199789
74,-624.0676628242429,2.2858587550495066,333.79182202651054
75,-621.5899710450926,2.263045142682117,337.9618850554853
76,-590.9531996747637,2.1103279350909454,337.7752248935319
77,-687.9033843847203,2.6167710276939933,329.09835856922405
78,-602.4633124116016,2.1728420938734043,335.78978689237186
79,-591.3759334649571,2.1162713153764487,336.24334165671496
80,-639.5115151503974,2.3598901428896175,335.0669732593893
81,-627.7713737245268,2.3009820510662635,335.1499274040178
82,-634.3771751793079,2.3305681000447387,336.5271098829562
83,-656.5988572427094,2.4513920558811777,332.6408912555673
84,-515.8666070857187,1.7215825285194364,343.1002018099875
85,-629.5832491074987,2.311160862640433,334.70215144221146
86,-620.248173230989,2.2658089945166724,334.17274953268975
87,-625.6662599725861,2.289729115448456,335.44087311729
88,-580.4980879923793,2.055776045596326,338.6857577843737
89,-642.1762426890497,2.3759133456128136,333.9871480485004
90,-602.9324647237825,2.1705548201874505,337.6430017540536
91,-611.0482102195684,2.2131648518517055,336.8304780199885
92,-642.7337607493942,2.3764008700858588,334.90717380776584
93,-627.823593816567,2.302395667417601,334.68892001759457
94,-594.0292548280484,2.1219321199175467,339.2856614983442
95,-599.6718632521341,2.15173925785332,338.6480245073495
96,-598.3819376551555,2.149966024396235,336.77746608587324
97,-596.675401686585,2.1380536322032198,338.1293512548216
98,-630.380976558772,2.3128676612771026,335.61488925520206
99,-604.1705146561224,2.1818418330438023,335.60429563695914
100,-685.795296667827,2.6016653669484184,330.92444667072664
101,-656.306112932151,2.4514927688590205,332.01511698554924
102,-610.7551402647408,2.2174299756130917,334.53829039868566
103,-608.729558385918,2.208226162651043,334.168652741386
104,-601.9528925233196,2.1666877397348587,337.2306899919295
105,-625.3180128346287,2.286001620000569,336.23537850826267
106,-562.4114113273365,1.9717008726045473,336.1424736891476
107,-588.4444144957685,2.095783838021174,338.575293668626
108,-660.1387357990993,2.471914805140877,331.51154736747105
109,-675.2584565259499,2.5450455412132373,332.4986946211082
110,-653.184293966006,2.430616056899537,334.1221656299601
111,-599.6561990237183,2.1595813778232253,335.4798464603821
112,-643.4681852644818,2.3795513413614007,335.11583428957863
113,-620.8628268474866,2.2649419771867914,335.7488628202556
114,-601.373809208603,2.1642514421020733,337.0470428733739
115,-591.5789094564722,2.113133251681381,337.9045185455669
116,-610.3977124709173,2.2043973355236197,339.03649218197046
117,-614.2943586808263,2.229919151876242,336.6210569926264
118,-636.1222006327015,2.3413588818229814,335.7008489176795
119,-599.6285045159686,2.154212619975213,337.57196069852967
120,-614.375918979817,2.2282500752496417,337.45180782163135
121,-637.3693624828986,2.353845321242081,333.2005972700513
122,-638.9646596522185,2.3575808020214466,334.89699902991657
123,-648.7911932545618,2.4073776420277566,334.63133255904313
124,-706.0058326173553,2.7069978117737903,329.212541478869
125,-616.9056760833005,2.248252603165262,334.5103095272041
126,-644.488860193087,2.381571131201407,336.34926931704814
127,-577.3184544033332,2.0361378952405995,340.1817514352193
128,-633.0130150621505,2.325753212425943,335.72474477245373
129,-662.9213774284318,2.482208744888808,332.9592570157805
130,-599.4318721119648,2.1510128303311244,338.45861273997934
131,-600.4660584057854,2.160458089516803,336.7488809667031
132,-601.0254272856596,2.158414136435822,338.68519816593687
133,-665.230741255908,2.49796304805221,331.27626447348825
134,-583.4341038358588,2.0687090855722374,339.3845736717053
135,-564.0754947025885,1.9770625153291703,337.32598270130495
136,-579.5412876816624,2.0474979254514545,340.0834056786543
137,-616.6556909238473,2.2464185571136754,334.7439588877832
138,-568.8444115495547,1.9964428589979641,339.11167908030734
139,-568.6218674472126,1.9916535896687855,340.582298950617
140,-616.714612872872,2.2384499120195094,338.0492616245862
141,-520.6299239079696,1.7386365721058235,345.80521878287493
142,-608.8510782991268,2.207446652647271,334.72349546305065
143,-569.5353714767808,1.9981944148675421,339.79297578584243
144,-577.6346376601581,2.0409939711504737,338.8716875086256
145,-588.7311410772792,2.0985901905814353,338.0262041290764
146,-597.3330341330344,2.142461955781231,337.6812861443122
147,-589.0540255850711,2.1008334350310105,337.7746771195907
148,-592.3861167147091,2.1121323042959976,339.9193115202844
149,-565.4709082365933,1.9778622918941215,339.79690253841346
150,-596.4685122191901,2.1431380964361866,335.6817839565561
151,-563.2124470893632,1.964389478357456,340.6691034842433
152,-566.4163148655028,1.9830442669577182,339.61492310050613
153,-690.7013083983481,2.623894053939218,331.84499491583273
154,-606.468632795417,2.1955501465392486,334.717206936987
155,-598.3626662825353,2.146535993425672,338.1109358433008
156,-604.79103623051,2.1805558960802087,337.3597137237606
157,-625.123850102778,2.291765858143427,333.54135664300816
158,-595.6045293221291,2.130079280996805,339.17734620738963
159,-669.4658313352671,2.519760506043861,331.02746010040215
160,-661.4213331266963,2.4801436561794468,330.78520381976085
161,-521.7745781325599,1.754155967355287,341.8867691704171
162,-573.1984878357005,2.012002139650381,341.59611889572227
163,-643.8475088849247,2.3835599937789653,334.2710210593496
164,-600.9857218676995,2.154194774611769,340.29353316589896
165,-614.0095937146431,2.231502355118255,335.41824572530766
166,-615.2441041621252,2.225161988159985,340.4234136324618
167,-623.7915051593772,2.274718176175037,337.69573931468227
168,-568.5477224273045,1.993423219487041,339.72615652573614
169,-598.5028614592114,2.140263016693369,340.9005170421611
170,-578.0585233809294,2.0419306146897043,339.34480107671203
171,-589.3725929904703,2.100452093952302,338.56434836187213
172,-637.6408619889853,2.353948530538663,333.7023108088303
173,-634.4042552107051,2.3344190112306493,335.04090596729657
174,-599.8372951756317,2.161925220661207,334.90450204863265
175,-650.3204507190823,2.4187696003723116,333.13306136553433
176,-578.8704124493706,2.050292297541148,337.62390679780924
177,-591.1244906665859,2.111355143820439,337.70692422461207
178,-615.1697264858785,2.230324494173743,338.20965564558173
179,-568.1482801147847,1.9911582479879673,339.83326122511795
180,-593.043978734511,2.1216715467288823,337.4193377856486
181,-607.426526001432,2.190284181851651,338.7393796055266
182,-569.1185489329157,1.9933878995988585,340.88193821702276
183,-648.9011007511967,2.4081833119480103,334.5288761891307
184,-651.3200258484112,2.4260470174059865,332.2212453066331
185,-569.375719976226,2.004943049239423,336.774221439239
186,-613.249256760515,2.2282468505054225,335.1997727848035
187,-681.0062103837188,2.5843079996132774,328.28922027362773
188,-614.0390720789926,2.2338523099505796,334.5372192240782
189,-634.1023930673076,2.329411607614978,336.44014289788885
190,-556.0890594562829,1.9233740919784756,342.82848231191093
191,-658.8254635923577,2.45981293985583,333.7257507464724
192,-581.9511494941279,2.0575990658483057,340.8626744799874
193,-579.565928295032,2.0538987870307928,337.5723420447759
194,-592.934121668832,2.119389327847491,338.11251185534405
195,-561.829188233973,1.9584531449597398,340.27711798814
196,-603.8525712509011,2.1811075726103253,335.26211357211287
197,-554.1197073896252,1.9165382585318695,341.6241106035632
198,-625.4246786424127,2.287105493312542,336.0071600742502
199,-603.1292394188002,2.167144506468535,339.40067522021707
200,-595.6546744888302,2.1300988140282957,339.2698213064053
201,-603.4598131336438,2.175276513561864,336.80902088068905
202,-615.9162228049215,2.235467923912064,337.6452757779895
203,-640.9910312231299,2.359994697167176,337.9841841897415
204,-635.7144397754998,2.3368542564741874,336.68717711391287
205,-577.637649649244,2.042830613033951,338.1430533982629
206,-643.3468096167242,2.3757596304672197,336.38976761876387
207,-596.1490217514616,2.134115636892857,338.6517888983675
208,-666.943278649301,2.5078157365231903,330.76026299450115
209,-654.3713795605843,2.4342130324495583,335.0575453784047
210,-589.8428833022829,2.1001945583132096,339.6079433555746
211,-605.3131617521116,2.1862588225914084,336.12279301807547
212,-595.3088468201479,2.136730490297018,335.9254975977831
213,-594.2211146590621,2.1211375106119457,339.98722495890536
214,-600.9652283198695,2.155035328518945,339.9163250032797
215,-612.1924656905803,2.222633452624868,335.3315506745358
216,-564.8471812962207,1.975111410798918,339.6497985399027
217,-596.7894339731986,2.137266979264072,338.6720765840912
218,-608.2740436495529,2.1988800107239235,336.99608213215527
219,-638.5289876274634,2.358224880225068,333.76802511039466
220,-584.3978479156972,2.071524074040154,340.1860661390394
221,-653.8469884767429,2.435900951950963,333.333595524601
222,-604.8279139130336,2.1846489483196336,335.7962481548906
223,-605.1448034536031,2.177392761773912,339.332501358409
224,-585.1225573660125,2.0791401934730773,338.5890384872035
225,-593.4572243377085,2.1225734787401493,337.88505744638576
226,-587.0768272411785,2.084055340285407,340.5315181393116
227,-626.3642199344365,2.2897485446009043,336.8290226007164
228,-580.880951170416,2.0610346796640866,337.348030780374
229,-559.4345799945802,1.951592702324702,338.2320794788962
230,-552.8862989705372,1.9121377832235325,340.9174852620119
231,-568.694062315244,1.9940831562445758,339.7548616748946
232,-631.2488547916464,2.3205590249322863,334.27410060219887
233,-584.3289338706674,2.0749686134339616,338.67042175739846
234,-561.6331858938145,1.9593561748280786,339.5239021997204
235,-604.7384278568262,2.179047463870687,337.8578699746423
236,-614.7111719660829,2.229374924927078,337.6723740376294
237,-594.2503178774895,2.1254870950767666,338.30579707577425
238,-548.3018170788666,1.8879024492276744,341.4426539707528
239,-539.0539845235902,1.8423149050275223,341.1820072269066
240,-661.811105404137,2.474054344945424,334.00047183828326
241,-631.9145848631168,2.319760722177065,335.9248818472292
242,-588.692155245523,2.09607811968271,338.9530618550216
243,-615.1288846041547,2.229332096127207,338.5249323977455
244,-622.1152441032627,2.271472233885158,335.6415959494599
245,-592.2477130577927,2.112579079435449,339.46379514249224
246,-622.5958153885318,2.2759710183529016,334.8032230925806
247,-607.6803161919595,2.1918949362476052,338.60265834264
248,-570.7539412828754,2.0085207350963623,338.0995873446487
249,-635.4272815803835,2.3360536975844646,336.433082791837
250,-600.1851323674942,2.1583250840828705,337.0402317884846
251,-621.8544967225935,2.272326526740601,334.7783840840898
252,-646.3146062877362,2.3972264120667397,333.7386480920984
253,-614.2399739722096,2.2322902968111173,335.5638288003556
254,-587.9126415581175,2.0909274806446776,339.45429093465776
255,-643.697510818313,2.38698465769003,332.60115917096476
256,-620.2738438574157,2.25423816847792,338.8524199040473
257,-597.5545289406284,2.1467554203967683,336.40689021846
258,-601.7598112796389,2.1680563328760076,336.2970911254894
259,-602.2094386931217,2.1656366050614424,338.16423532352036
260,-599.634471697481,2.1463097280214853,340.7450538266874
261,-621.1862179215658,2.267939483484312,335.19664069464517
262,-613.5033737445999,2.2201091700588518,338.96307908418936
263,-571.3685632936176,2.007761574093424,339.63249653024945
264,-644.9811912427297,2.3877762316985334,334.85188938642904
265,-615.9890342908244,2.239888651915355,336.0226067092454
266,-641.2080335537448,2.3667337923648195,335.7225486738295
267,-618.8765993199543,2.252868953399399,336.60561735644114
268,-612.2872064292737,2.2163245348648424,338.0445969671141
269,-629.6616903454687,2.3092171410235425,335.63652546407656
270,-619.1992855167393,2.253927625764136,336.82751889677036
271,-621.3231467721222,2.264130664421896,336.99402750845644
272,-618.8622104650927,2.25106424575336,337.298723811398
273,-616.6792330961216,2.2430242918405217,336.14874945603367
274,-642.0945382780886,2.36969392428286,336.3115069574749
275,-589.4888792732572,2.1011068367535035,338.53502411214174
276,-630.1576394698197,2.312144184618887,335.45760520652556
277,-585.4180513655957,2.0799501248371177,338.85605519960313
278,-627.5844903322577,2.2982819115704705,335.8562166466793
279,-636.8859539165704,2.342586315692475,336.73738277685464
280,-651.073818801196,2.416266346218964,335.6411015180645
281,-592.2626835913347,2.1179648116833865,337.33944216599224
282,-578.9076676697106,2.0434127955423045,340.4502172750869
283,-618.4089766589746,2.257828323704942,333.68662452261793
284,-612.9717048517135,2.22664935896189,335.28366451649833
285,-581.0483518742735,2.055084640695904,340.06284769906677
286,-641.803890340527,2.3773017460979577,332.6870839203381
287,-625.8416812100306,2.286560530462802,337.05914962458917
288,-597.0659481112411,2.138835270003428,338.59778967069747
289,-617.107088792636,2.246864640217488,335.4683215364236
290,-627.0876741956184,2.293695758385683,336.6970456854612
291,-609.3553508584905,2.201952700142272,337.92962207968844
292,-642.1407630270528,2.370933840650631,335.9079904804985
293,-561.829837937437,1.9561934870746227,341.1822806254077
294,-566.7672928779527,1.9828512602589723,340.39408283487325
295,-604.742648356528,2.1764727263636403,338.8962065109223
296,-605.8482100967204,2.1829296546690493,338.52455809693936
297,-618.568828071223,2.2493968482548543,337.37891821379554
298,-623.1549912004339,2.2753689362265574,336.16240726174664
299,-618.6745386448307,2.2515490610410707,336.7294524917627
300,-648.588830703117,2.404972486867705,335.18866578177114
301,-645.5855599313425,2.3936470493118813,333.7122996801692
302,-577.8894896130586,2.0386210021769218,340.3305778594375
303,-575.0590104660416,2.02663341900279,339.46465298764423
304,-644.19880702358,2.384212949320502,334.71243397563734
305,-553.0813672281802,1.907775418989912,343.0525665552203
306,-616.3025962247209,2.2395709620636755,336.7768066702983
307,-635.5442931167244,2.3374978528317416,336.0894448718707
308,-600.4093208854736,2.15849059933504,337.42240104510927
309,-568.0687058951845,1.9885110490109301,340.73299115603
310,-504.11394023050576,1.6574415272181198,345.25126984079213
311,-563.9001812968946,1.9642899065723503,342.0844027495784
312,-554.3984250489352,1.9174034054754683,341.8354884035935
313,-639.6907861974236,2.3600271040911065,335.370731483196
314,-626.0203683171273,2.2875285741627214,337.0293073887822
315,-628.1202783557179,2.2998027625167676,336.31945239137445
316,-598.2546450078313,2.1435054920464913,339.1070921670981
317,-617.3721376102029,2.2396160158240606,338.8978683948715
318,-605.9337074431827,2.1860213312788352,337.4588838625634
319,-620.2393341491162,2.2542720812698156,338.7698364006579
320,-617.8288763804578,2.2474734955916937,336.6683529220663
321,-579.6950407419338,2.044964865863421,341.40413536738123
322,-630.3767209872358,2.3072003321738745,337.87330784607127
323,-593.0425891801755,2.1224547110941376,337.1032945330481
324,-582.071674984738,2.0599203543868865,340.1752081765746
325,-612.254021649698,2.215533458822786,338.2946599991628
326,-565.4800880755961,1.9704462184921239,342.7816887161952
327,-607.6159148885181,2.1891097214903095,339.58794053241326
328,-607.9269500359599,2.1948265710406045,337.92327058756325
329,-619.1746779611036,2.2652156913390495,332.2630775936795
330,-590.4608429616055,2.1029435382968984,339.7442726262414
331,-636.9342026385383,2.3482557657985095,334.566098194734
332,-612.7668219558824,2.2221566575070555,336.6709799171217
333,-575.7058524265223,2.0287776765095242,339.9006342492344
334,-611.4689592699505,2.2181900661343383,335.6618928872525
335,-571.3176913922466,2.0121604734202707,337.7711960485254
336,-572.6769173538909,2.023579469021342,335.92204751886237
337,-574.7127108999687,2.0274990478923205,338.42580317706734
338,-619.4431146989946,2.257785993727377,335.77183099151074
339,-559.1731468110007,1.950731656829982,338.05363115703716
340,-610.9055310900475,2.2119872134077396,337.01617578703053
341,-578.250909700118,2.050147149427928,336.4429588279791
342,-549.8356877767302,1.8983897461159924,340.3154757719188
343,-590.6623662628489,2.1044196376097264,339.556876680721
344,-616.8988549058944,2.248510987223196,334.39331408327706
345,-607.1448759639247,2.1917712867045576,337.5812372078794
346,-598.2963670666586,2.145333953866675,338.4591525866466
347,-599.8370833063173,2.159832818797222,335.7410383308057
348,-592.5694747954461,2.1184767117914034,337.74826441656757
349,-602.0033635185035,2.1671763791579224,337.1361752975441
350,-571.3418740564847,2.0108441003847157,338.34610837869934
351,-566.4316616469073,1.985150879877484,338.80297180058415
352,-573.6579171347021,2.024704679371914,337.43396305469565
353,-586.4785413931113,2.0881928460918417,337.67994347210544
354,-565.352031152849,1.9775264299082922,339.69348996091156
355,-592.2096264392871,2.1185653858579334,336.99309876428276
356,-580.8833004112948,2.059397428914178,338.0076295239467
357,-568.7767933891349,2.0003229385409007,337.4244105226754
358,-616.3049955030615,2.2383787033005946,337.25850850332927
359,-598.3600626902322,2.1523833112995177,335.76680131842005
360,-604.2742274356369,2.180056117789324,336.52600714519264
361,-603.3481835780057,2.1779386471132445,335.5209101417677
362,-607.2021035658452,2.194570975162062,336.57581710501216
363,-607.8111526139313,2.197269611879986,336.714461887306
364,-592.6343519330702,2.1225054886526356,336.2665079091751
365,-597.7495274920363,2.1447518523834557,337.5983122759306
366,-566.5772557645117,1.9885011853731456,337.75403741791257
367,-580.9904524849601,2.064497238589652,336.1820096866458
368,-593.5689401473403,2.12437604111598,337.3874623224094
369,-596.6780908107351,2.14193559569233,336.58194330639094
370,-620.9185578545143,2.2691869510344462,334.1623350663682
371,-605.0942489222548,2.1892550776845647,334.4864664273612
372,-580.3755392488501,2.0569333429235344,337.97774232010755
373,-564.5593164608101,1.9817272745819785,336.4277222877424
374,-626.8738887068959,2.29750972326666,334.74388780195187
375,-568.3984502676819,1.9951085037123015,338.75349988967724
376,-614.507246400415,2.2271876568800533,338.13942928586954
377,-550.1348423699068,1.9026157739101146,339.2233747180042
378,-616.9251164800706,2.24851760785097,334.4431887134899
379,-648.135110786934,2.413911046125248,330.7058018649183
380,-563.2546078712985,1.9670349156213494,339.6952502951442
381,-599.5945823573336,2.150698651458656,338.90970424564495
382,-634.7819575835292,2.336752395338991,334.8629568407277
383,-593.9913991255559,2.136135978238809,333.5284077185271
384,-652.2182857099178,2.4242040884147644,334.75493529099
385,-622.0737695091686,2.2701289714214226,336.0959505642089
386,-598.123702635616,2.1437380612649855,338.7521777897733
387,-541.8558582622069,1.8629091366602872,338.5480616314167
388,-718.6713304309962,2.769259163876688,329.6389951968764
389,-578.4265690027349,2.04987236104153,336.90419469511994
390,-622.16706664439,2.271323189290078,335.8048573057198
391,-610.5629643767397,2.2167246826999807,334.4360561693985
392,-565.7792097936608,1.9844915516004873,337.76179806974574
393,-670.3702161184345,2.5207499259037394,332.44046237128384
394,-543.6118785468616,1.864201283080534,341.543243708921
395,-643.1970747836664,2.3795952812084122,334.55603677879174
396,-612.2572451802072,2.2245013788122487,334.7139388736625
397,-643.4084479303853,2.3865290658871707,332.2052706503119
398,-559.7876592970615,1.9509012530618417,339.214817598268
399,-635.1400694220403,2.337469006366802,335.2925350766561
400,-608.4646269095963,2.2088353060690866,333.39513059047135
401,-528.9486294174525,1.7936140163660215,340.4516508389105
402,-623.4458603563834,2.281145734897782,334.4334274021522
403,-630.2516805979651,2.3174346048151917,333.52951984205816
404,-600.3374290442381,2.1526737395923887,339.60536080193515
405,-627.8530522541049,2.3046975077733363,333.82710181849086
406,-613.9568198115969,2.224601046840398,338.07322218403266
407,-654.4883243766978,2.440470506063175,332.7884460992435
408,-587.3801435379132,2.097525967624526,335.74989972083966
409,-669.0687959625164,2.514153493367435,332.4761938532654
410,-605.6623907304064,2.193549110071518,333.9051382714382
411,-590.0277460054183,2.1061305623288704,337.60326738446355
412,-595.7675296937464,2.138803653329289,336.01359855168715
413,-598.3808305932489,2.1502033443619997,336.68032386131347
414,-617.579649764245,2.2450202762651643,337.1511882976317
415,-612.9314068393116,2.2183887458860023,338.50731547680937
416,-640.5065652336316,2.3644603157163893,335.2290041425611
417,-608.0472920002313,2.1962336756517566,337.60111377790605
418,-638.771633521928,2.357510442380686,334.53909146487223
419,-614.3003814764783,2.2335935252824592,335.163353831795
420,-628.2035295742266,2.3011705157346416,335.9388532360679
421,-622.3953462627609,2.271131346220694,336.3381538083616
422,-646.3109705365761,2.3914975146624204,336.02293467412767
423,-708.8542413640939,2.7227543893292823,328.60672802644325
424,-509.78467236064034,1.6925525313261394,342.54833055050506
425,-620.9066890018433,2.2626034395033137,336.7720024312424
426,-616.8419998432485,2.2415032246682527,337.0827107347237
427,-671.7179837901864,2.5251120201172013,333.39115831278855
428,-622.235879362069,2.2689865450910425,336.8771404969864
429,-586.700981210692,2.091782523593938,336.688953212691
430,-599.2343423003163,2.1490078822947654,338.86553027128843
431,-572.2693998961089,2.0039833503353974,342.94545931473624
432,-593.2887844327215,2.122507644153002,337.5745121197693
433,-686.3459818843962,2.602021448762224,331.8833850268428
434,-599.9994509893764,2.1602917924578566,335.8821849193162
435,-636.7811641707269,2.3481757601539774,334.2920246613329
436,-630.1542651374529,2.3176210833810367,333.2600966936088
437,-589.9632750811608,2.100855170129996,339.5844819958817
438,-601.3363320855287,2.160907668488319,338.3095963942601
439,-590.0794994178981,2.098667170170793,340.69212950862885
440,-614.0323273771979,2.2308755611832707,335.714431311055
441,-614.113127906159,2.2304360420951412,336.05183817317516
442,-627.2719433474871,2.29911120065112,334.899406587114
443,-561.510367988574,1.9548056692541746,341.09846896212287
444,-596.1921737649002,2.1340040417951145,338.7827307354606
445,-618.4939774318924,2.244750482313839,339.0877614804855
446,-619.6102817227651,2.2590996706443067,335.58069423413394
447,-618.5144147877243,2.246884863370249,338.27488521917104
448,-641.6301225652238,2.3745816689218087,333.4275766843441
449,-654.6218696429673,2.429691511971522,337.36713464991374
450,-641.0502457000641,2.3676114983911005,335.0558910137195
451,-659.6861958694806,2.4657022142847635,333.09150518582265
452,-669.2904617285453,2.5170114100790943,331.7763591202775
453,-614.0703600414586,2.2323957852563563,335.1824068959028
454,-578.5285886509813,2.048105468030714,337.814990471146
455,-609.1194658433295,2.210925863660963,333.86858496342285
456,-643.4646766774904,2.380557860375625,334.7062098532289
457,-639.3887667749256,2.3528993593332537,337.61778928249123
458,-604.6637550488465,2.1804964256800967,337.1289397493603
459,-617.6416883372669,2.2449099411397975,337.3194023548456
460,-603.3106677062451,2.1678216832470936,339.49266192291856
461,-650.8672088277762,2.4202993364124326,333.6146846927519
462,-583.4566187294516,2.0736634809107746,337.44784486571183
463,-531.7896046963816,1.8063194806566227,341.0514175878781
464,-641.9487002026838,2.3747088603036737,334.0138550250484
465,-627.2646407377348,2.2914287412996672,337.95778663406986
466,-654.6475236068526,2.4343617038039618,335.55036580656036
467,-593.878082280354,2.118607739795902,340.31306864234733
468,-577.6882992569232,2.0373167337023834,340.44990411736586
469,-601.1147443178952,2.1592681978292303,338.5222112207109
470,-595.5383315902794,2.125504013073097,340.87505764614514
471,-648.2922909562379,2.4056431831216467,334.3273087401116
472,-632.8187375421585,2.3227422982237558,336.5405566721954
473,-640.9591697894481,2.3641126837535924,336.2732646278731
474,-630.2331808357458,2.3079023417180227,337.30542464095953
475,-617.782638881116,2.247643251383585,336.50797507256794
476,-654.4888874940309,2.4360552286534265,334.5556840226028
477,-646.4053433141096,2.3933214791055337,335.48209407047887
478,-593.298353607661,2.118670490034858,339.12851093434983
479,-652.8583963302186,2.4218476436477054,336.97773569726564
480,-610.0178618581555,2.202637187328407,338.98084813644977
481,-592.8963064156494,2.1185072079477862,338.38973117806285
482,-593.9957627343098,2.1217417001397094,339.2948452219997
483,-608.7860555832154,2.1986203517720955,338.1239704957398
484,-597.8826874662924,2.1409435646275954,339.3879494248699
485,-620.3285714673099,2.2576417092303727,337.600459356911
486,-611.2476133199508,2.2109287460953317,338.1237277821527
487,-609.1173353194902,2.199811043387493,338.31025339842364
488,-586.6052993529986,2.080535657738124,340.99633629739316
489,-612.2616241113321,2.2125403288156344,339.50711753564354
490,-675.6313401644117,2.5407206878979274,334.97440623776833
491,-581.4023684961196,2.0519170845100674,342.0379044470626
492,-599.7202854657189,2.152248814831935,338.5410441212832
493,-594.4189319316662,2.125275329920243,338.7277314374702
494,-594.0458317287765,2.12577365751687,337.78219995489576
495,-614.9579571559648,2.2350505324300824,335.89570046251583
496,-611.4967901054894,2.217715814411102,335.907253759892
497,-617.4231967499803,2.251104451040253,334.40461346532794
498,-565.2784097037054,1.977637541381806,339.50180315986387
499,-597.5768106154312,2.1466496558591426,336.49375804797216
500,-533.699029312081,1.816154952034573,340.9360781155075
501,-642.0784345081987,2.367972836629624,336.9677348604572
502,-603.3791256553048,2.1732883491906607,337.4429091929393
503,-595.7055756471195,2.1340688356659787,337.7836162267606
504,-657.2392701300726,2.445201437762486,336.3979656510611
505,-635.971261978928,2.3379399648635792,336.7665387753638
506,-593.1768078413039,2.118502128838863,338.95276407076824
507,-627.397683907731,2.2927693433786973,337.6876298154841
508,-547.6116141468663,1.8790413426324428,343.6066911263141
509,-625.926719270543,2.291440818005838,335.277111415044
510,-608.0344462209389,2.1939727731679777,338.47978210657226
511,-616.4802097255641,2.238318933083295,337.6328451878408
512,-592.6401741085795,2.1177464289721506,338.18177693347366
513,-641.2794957394826,2.3644655756713924,336.7727626981401
514,-610.0783978651182,2.2033619951151433,338.81199715012104
515,-601.6660649016873,2.1615425903572967,338.71509205828283
516,-618.8420489897322,2.2521548398776114,336.8221633254171
517,-595.0130175997997,2.124716227064158,340.1395450605822
518,-588.3728722909732,2.095915329534606,338.3796111659309
519,-580.9949555431805,2.0507775359132774,341.6788968354899
520,-587.3290475459806,2.089649491048148,338.7982986727022
521,-644.2228774022377,2.3742894562401187,338.7299716980768
522,-590.3922048611158,2.0993148253361413,341.05848023627266
523,-665.6296968806481,2.485969715264241,336.8715071596897
524,-635.7352512475462,2.3336053033251996,338.02838120315914
525,-607.9800948093758,2.1900824510975587,339.92720837864186
526,-565.1464258974838,1.9778904779762658,339.13666056631445
527,-630.0291801097724,2.3076587037228102,336.9948780819225
528,-607.0309144353444,2.192486040042716,337.0674120143685
529,-577.6316225573912,2.0388037193594797,339.74175649361035
530,-582.8998337807851,2.0628509464668388,340.65928748710246
531,-564.2322076869003,1.967032949056866,341.6512352169975
532,-637.7134057718373,2.3512173562359986,334.9398684007759
533,-559.8972793996651,1.9510164800218026,339.38796663802145
534,-568.8339534951625,1.9925093531650377,340.6641666016902
535,-576.9648282846413,2.035679181489212,339.65798435506696
536,-579.2101115361854,2.047781728942745,339.3075300456881
537,-579.8642429179962,2.0485347314753612,340.3145923303211
538,-624.7487782452165,2.2814632301736295,336.91226346730656
539,-587.2292752892795,2.0881226370303345,339.209498017096
540,-616.9000722567041,2.2422514913009457,336.89954852708775
541,-609.1512502709041,2.199904258267911,338.34079628096896
542,-619.8201822944695,2.259422573782283,335.8713358389656
543,-664.1700901747616,2.4847765786955165,334.4295497486964
544,-599.4706164507355,2.149200428012702,339.2610613149201
545,-566.5391400203002,1.9786159049067507,341.63191788716506
546,-600.5878299390539,2.152892297590685,340.01874152847915
547,-620.2889969358453,2.2581674524451647,337.31101296991824
548,-580.857696829732,2.05079452893749,341.39758116894103
549,-584.7188002150119,2.0690059424818292,341.8352244672615
550,-601.2680742347349,2.1575472119309125,339.51726411672166
551,-559.724264779742,1.944466879286844,341.66177708180766
552,-585.3933469027222,2.0802632788510835,338.6813838290366
553,-626.6230616267327,2.2918918178233274,336.4893956282226
554,-567.3624702574855,1.9861773865190833,340.2539854114256
555,-641.5788151832431,2.3693863256911936,335.4030996322453
556,-590.5865910467563,2.1056524974654125,338.9121817340575
557,-555.0590866606922,1.9232717588011976,340.809469686464
558,-592.8849245035854,2.117710768158304,338.6855413242317
559,-627.0529557596193,2.298360101430775,334.7618712521043
560,-557.5763512400056,1.9383595314102147,339.80889029739484
561,-614.4825604114827,2.235495893296852,334.76676194019785
562,-543.5548007235965,1.860634730879098,342.85570879037806
563,-520.6162519610834,1.750606862740285,340.98975840643624
564,-526.3669941671089,1.7771239835117043,341.88439424289083
565,-584.3244507126929,2.0794476796912105,336.86982973963575
566,-602.5522919795852,2.1694825775141613,337.3115525338885
567,-641.8747538168406,2.3729763044465533,334.5589869613214
568,-607.3660737948327,2.1926682655578125,337.6648414809817
569,-634.5000929304608,2.3318336186146182,336.26673879654396
570,-620.9745405840832,2.2651948774975716,335.8711303598726
571,-575.7419236789639,2.0306880443771247,339.20862953078375
572,-589.6520024679331,2.099271799279508,339.5952832404211
573,-590.2729938134091,2.102680189044344,339.47391273387206
574,-563.0724827318359,1.9620378344508256,341.3298325225738
575,-570.8254729567138,2.006090319063135,339.2148192037015
576,-618.1995863979907,2.251573088619211,335.7699373482974
577,-650.1931819889247,2.414466413265222,334.5997980995569
578,-625.3596597159999,2.284593712917957,336.8818341885235
579,-566.9198822206766,1.983461329576526,340.4552332973877
580,-616.3468196679634,2.2407677910993873,336.38652137029237
581,-593.9307976481836,2.123046931596379,338.64282220005117
582,-605.2801502944899,2.1831524307885912,337.29932728172184
583,-614.7670834713426,2.2298789623233186,337.5825819752105
584,-635.4979344825316,2.3393442833050186,335.25815598637877
585,-607.5849809444946,2.2008622659222734,334.8250546427005
586,-583.7450059003335,2.070840577531753,339.153780482791
587,-572.3583594028205,2.0148570818334015,338.7738868352203
588,-592.4298141717233,2.1137216575756614,339.37096630500315
589,-627.7434056912851,2.299404563260394,335.7249861547069
590,-619.3984236966769,2.2546988634758076,336.9173020030301
591,-573.9352250677157,2.020837631979952,339.53539848786
592,-633.0852144552703,2.325436795237932,335.9957109679559
593,-636.4621578120148,2.3442027051444367,335.24323307034444
594,-586.6074394582236,2.0861583521247327,338.75153791396616
595,-593.227589867595,2.1197797479270677,338.54328060250833
596,-617.7977535127326,2.2433861105195234,338.2410633517127
597,-637.1382669570128,2.3442925431499937,336.5595169973513
598,-623.0427177871634,2.270264998235459,337.979436470879
599,-600.0119547121072,2.15188273326654,339.270816041305
600,-654.4710816679972,2.435043422137329,334.92479505326713
601,-667.2276875714575,2.5019056319562747,333.6931215593181
602,-582.6346398232388,2.0583365333079784,341.93466712437345
603,-589.8019266239378,2.099407791741852,339.84073552116706
604,-671.1919933597036,2.5196478530460276,334.5248459587601
605,-651.1988043553765,2.4187787408008328,334.88611235227285
606,-601.7843705608345,2.1597772367095924,339.65784651412616
607,-596.2956988553111,2.1393397274404653,336.85550570446844
608,-638.6394630952302,2.3568921890161034,334.52205046957766
609,-555.5959199211766,1.9230992267418372,341.95214861156074
610,-665.1945954693575,2.4847721336595714,336.4803372460049
611,-586.3946040880384,2.083072290475018,339.5602919479216
612,-628.9931629851952,2.302537587128919,336.9712916910271
613,-645.6654859562846,2.389604562679207,335.48914699347444
614,-644.4113154540357,2.3841946834857497,335.14475705600705
615,-599.3358648398385,2.14540590718107,340.5093659680146
616,-647.6317718631983,2.407682947110602,332.1903631655418
617,-571.9919608744405,2.007261359580163,341.07937787866774
618,-612.4758823182092,2.219630663711822,337.0994989991022
619,-631.310337666623,2.316751347474063,335.920136114739
620,-633.766070155734,2.3297658174231106,335.6258138381348
621,-588.1333922223811,2.0930318692445464,339.0540368995326
622,-636.3925287890515,2.343530458667844,335.3728730428507
623,-572.5829049348046,2.0127882518615037,340.0505085909506
624,-569.0568315606804,1.9943616981954602,340.36898571237884
625,-633.628043632786,2.330178098500902,335.1848490859148
626,-603.3176455892552,2.1732831827069834,337.3220174472188
627,-582.1037937811557,2.060337976921206,340.07239812897353
628,-601.876620167616,2.1628559057041157,338.6108764895587
629,-652.4039026065102,2.4253952176529374,334.64971899107894
630,-641.4767937641801,2.3691705354250536,335.28537396869115
631,-636.7229380873624,2.3449333212375256,335.4725493963286
632,-645.7842792799793,2.3912667192578696,335.06187165789765
633,-625.232464842991,2.283221489927143,337.1763322273928
634,-635.9157607477689,2.3389655997619356,336.2452832692297
635,-613.7172099120843,2.223396943953266,338.0756419376861
636,-610.7319254420619,2.2097726795719628,337.55477958939775
637,-594.1682560474118,2.1227735238360763,339.22710160671784
638,-624.1515711316417,2.2806134428059104,336.0577654079471
639,-640.0624396353518,2.361803918735254,335.40331108995616
640,-582.7289679437918,2.0678222005951055,338.32905507733614
641,-615.8987664266941,2.2366095748853123,337.15370259408826
642,-612.5284282119766,2.220642689601753,336.7997790192269
643,-693.1930820931789,2.636512541472383,331.7811471396402
644,-635.1249187628442,2.3363627466478083,335.70473978209253
645,-613.8696764658531,2.225184681100505,337.66548190294236
646,-616.538981697667,2.239170514002228,337.4097576418548
647,-631.661817440948,2.3177512769730155,336.2231248937761
648,-639.0004921499725,2.3565054317318648,335.398811378317
649,-664.1850881518479,2.486903952045261,333.6085943030354
650,-655.2350010668705,2.4401245829063383,334.4201684371477
651,-631.2219020994384,2.316513111238811,335.83855764341473
652,-662.4312651740385,2.4775939495711587,333.82494865041184
653,-623.445577764965,2.2772862688969377,335.9766472845103
654,-617.6259720091908,2.2467591651007255,336.5482786265899
655,-648.9646253250843,2.4072350243931844,335.03524123621764
656,-592.5469859234879,2.1180318187830016,337.88124536374363
657,-587.7370320920927,2.091341425010856,338.93749486648767
658,-581.8134488656656,2.0598887650440916,339.67139152295925
659,-652.4780405019637,2.4264209027103747,334.3877207971584
660,-573.4241336852591,2.015063827942106,340.822737109203
661,-632.3121472517229,2.321778744962505,335.9127958317985
662,-655.6941654216786,2.4440395099888437,333.7725285644325
663,-666.4080008668384,2.4998851006377794,332.8619605630384
664,-602.056464629142,2.167732198570506,337.02004902899586
665,-670.5087629568663,2.5193764883462877,333.26693183406815
666,-579.0187199464837,2.044764345588005,340.13170268773433
667,-678.1401990577958,2.5589106727814808,332.7161304144372
668,-666.0312491886084,2.497043227161868,333.2452087713198
669,-659.1619486804726,2.4611473524332292,333.86495596803815
670,-687.5699187691662,2.607919372463809,331.97208706507683
671,-639.8020189760308,2.361991364421187,334.8074914587936
672,-641.384476520847,2.3695163803676396,334.9623997502291
673,-591.6718656467821,2.1132662314042303,338.03723724414004
674,-517.6435452534342,1.7287543455392558,343.785352176725
675,-658.2038513166074,2.4583472295965008,333.0688110616432
676,-657.8250171127576,2.4530154567348283,334.4438518749073
677,-647.9238424260036,2.4021519413895907,334.98690856319985
678,-588.0596916105758,2.092981520059009,338.9267756934581
679,-586.4615933710218,2.0848681647676126,338.9759201483528
680,-637.6075134100997,2.3491364285421117,335.56045586111713
681,-644.8938764751574,2.3869675626790747,335.00072780239185
682,-652.9300785156373,2.427837019306793,334.7253498807623
683,-588.370314378398,2.0963185031325096,338.2132267789998
684,-682.1530746485508,2.581595050407024,331.6681277228545
685,-635.4221384715756,2.337957561600421,335.6612515781901
686,-686.3529941649083,2.601706137853806,332.0235329212648
687,-602.5078236894092,2.168079682524685,337.7837728049181
688,-592.518161066682,2.1170132248939146,338.23103175618184
689,-562.1992939324626,1.958740664338378,340.902321786251
690,-693.6211541938878,2.6395532111050026,331.42102303024717
691,-674.8816684916501,2.541780210158674,333.05125333944756
692,-564.0438165591802,1.9686828877951172,340.61447674146393
693,-586.9842116253525,2.087469858405063,338.98048027014914
694,-627.0558618189485,2.293475052376548,336.7217025346898
695,-645.9072732937035,2.395113119351544,333.76930063969803
696,-626.9866425040392,2.295502752037729,335.77218373522277
697,-592.7442452228751,2.116069627779824,339.0606390286445
698,-570.698633703882,2.0023738163385953,340.44774220747
699,-614.0414984319784,2.2290206729864077,336.47472892824425
700,-594.3526368030382,2.125396076496269,338.5468420920417
701,-674.1037510414135,2.5411367793061044,331.75279066555976
702,-649.7554511204319,2.4141398500238576,333.8549626890848
703,-602.2603587505579,2.1675219284965532,337.51194476734963
704,-624.4152732178089,2.283323872910108,335.50099822524885
705,-623.5479225433244,2.2789674495565984,335.5088653403036
706,-640.9790293419029,2.3689798013292007,334.3661380758324
707,-622.9018435755959,2.27256966874808,336.77582079636755
708,-587.8578022754076,2.0910704768412374,339.2874134328503
709,-663.4428676400091,2.484912469128901,332.92074690366667
710,-693.230048519427,2.6394533691457513,330.6787492279657
711,-634.6815748961153,2.3327564973146497,336.2605497982546
712,-611.5023634849306,2.217207105352367,336.1218847526198
713,-653.7983721547438,2.425979783778329,337.2048291959818
714,-626.7943824386497,2.294906438751335,335.62618888085524
715,-609.4445441643825,2.205878125404514,336.5378380525173
716,-642.7514117645128,2.3771126497785566,334.657764151661
717,-664.377561470553,2.4882853299528787,333.44099160845326
718,-664.9113499917958,2.4910977853416427,333.3835864191387
719,-566.1409545812713,1.98253365869827,339.26844507288297
720,-624.7132182461787,2.2842847676116835,335.71252803624674
721,-649.2982515473528,2.4097459067306897,334.698141012781
722,-592.7603938970223,2.116763648498114,338.8153274792715
723,-599.682359691578,2.1546867362745172,337.49002510223096
724,-666.2549092228907,2.499035311998331,332.8956946001233
725,-638.2837690558451,2.354297812331123,334.8484111574515
726,-639.0377077103548,2.3558966743065106,335.7167451259005
727,-671.1103524299768,2.523269020357844,332.91309644978793
728,-664.5793732688388,2.4853824444125148,335.00576884896594
729,-646.4065125357799,2.396642310690495,334.15610186347755
730,-663.5993072636717,2.4846557094268458,333.3363305658695
731,-659.5857378921802,2.465167384384517,333.10452172537845
732,-676.9156060631341,2.554829003432426,331.8996104862695
733,-623.9872070170061,2.277512815533001,336.96928759192866
734,-656.649417110062,2.4504085877838313,333.13539841994714
735,-562.161976896669,1.9599254786073053,340.3537623122692
736,-577.4504026199579,2.0413882169361113,338.34551800770873
737,-626.9285077500335,2.294959207143868,335.87333207031475
738,-580.2999244211594,2.054704473423535,338.71806046472614
739,-632.3202783553442,2.3189621081874443,337.05571305424047
740,-601.4171166590982,2.161403043071864,338.2730154409534
741,-674.9820451820867,2.542775902885496,332.853730125503
742,-608.4411450284398,2.2008428210697435,336.5451620104522
743,-641.2227435066786,2.37042166763741,334.2768194624833
744,-626.9444554363436,2.297567946938927,334.86173389002295
745,-605.2241736988227,2.183928238351288,336.87705285821517
746,-604.9079032750176,2.1830811915466044,336.5833297788052
747,-658.0905990722127,2.4535851147350574,334.74715286075497
748,-631.1766321775464,2.31274593067248,337.25489254386537
749,-615.5103506110071,2.2378309491429387,335.8883208400459
750,-595.3695906851559,2.133826021525698,337.2087736755595
751,-651.1006325245855,2.4215537401902947,333.57976794308473
752,-677.8364222887915,2.5571707973993547,332.80452660966233
753,-608.3976759440898,2.200835834526669,336.4610173527202
754,-621.8272975239659,2.272240578087983,334.75836308794646
755,-653.9194535536485,2.433994893523699,334.2409496596709
756,-589.7476370147518,2.103442682142909,338.1182004475472
757,-629.8026658445918,2.3118123894780993,334.8803750587104
758,-614.8064499062757,2.233482849378915,336.21976063318914
759,-640.1429623348877,2.3634474376905685,334.9069495172538
760,-619.1524533169829,2.256648957345662,335.6453226657327
761,-676.2403804758262,2.551390122170072,331.92471132068465
762,-673.5861159073509,2.5346373065544645,333.3173093836515
763,-554.2891523508935,1.9205109152049695,340.3739397642083
764,-630.6401876025407,2.3155193840555692,335.07262131582473
765,-673.2435483521958,2.535856663154003,332.1444316335244
766,-642.8685812678341,2.377104577195912,334.8953314665681
767,-678.8299123810868,2.5662727248576904,331.1507354675957
768,-658.1304741560269,2.4549157702504947,334.2946381519201
769,-625.9181082077724,2.2908344745663545,335.50242700861935
770,-684.7946889878193,2.5956558792777518,331.32702485310017
771,-631.0176393239111,2.3144828999076656,336.2421205539588
772,-655.0236003108143,2.443196464757316,332.76861490943696
773,-645.9331554661212,2.3920678085056784,335.0391879114408
774,-662.3170671598922,2.480675388318503,332.36397842017925
775,-670.2869807812642,2.520984851845972,332.18001826829294
776,-593.0367513251086,2.123505273507186,336.6713927895787
777,-632.1246897163455,2.3243069857706207,334.52658520073703
778,-630.9539019560408,2.315447165858589,335.72893680570564
779,-617.5957478882581,2.2477333670212456,336.0981498835452
780,-628.5569494791697,2.30252778651235,336.10278412451805
781,-609.6706607098683,2.203289028141465,338.0257102394444
782,-627.850428847431,2.302613840862607,334.6553229519918
783,-650.346682459783,2.4171410633951234,333.8369391800469
784,-647.7158764962483,2.4039542477689095,333.85005522007697
785,-611.2600257549454,2.212244715894927,337.62216480859655
786,-649.3944203984745,2.4081509651353965,335.5284557346123
787,-645.8509522409468,2.3925769330456257,334.6711324843461
788,-634.186827292023,2.3332906194403673,335.0574055109022
789,-676.7239319919846,2.5522067586137793,332.5651614921314
790,-667.1087019752025,2.5015392635000016,333.60169782561155
791,-667.6092469972837,2.506545108962114,332.60045044786835
792,-646.2804948544458,2.3969860385164834,333.7665752178258
793,-643.503782102515,2.3783853383868383,335.6534299565574
794,-624.0372671569642,2.2763957491671416,337.5162356770397
795,-674.8186446791518,2.541598837941884,332.99775334231634
796,-677.6437418423701,2.560546074131447,331.0690533073693
797,-577.4857260277796,2.0339811886603925,341.3789764006669
798,-634.8064421831904,2.3409869741866047,333.21809438656265
799,-646.4341244468785,2.3978269113757995,333.7374846104659
800,-585.6810486012342,2.085369901351504,337.21413750109986
801,-603.9690939439057,2.1726661228611706,338.87173851446096
802,-592.3960462195483,2.114192284532948,339.1151781681532
803,-676.2708759430134,2.5524155266116506,331.57554139395455
804,-650.47342743229,2.418539392163294,333.5310979229671
805,-629.405607041058,2.311431624366227,334.2385643737723
806,-612.8219734082231,2.224447460374918,335.8649616365095
807,-587.573026223302,2.0930560594991925,337.92362921913167
808,-638.6675206655781,2.3591255164150686,333.68483518474545
809,-551.6231710663922,1.904823525782241,341.3169334602081
810,-608.9270408732621,2.2041513260099324,336.1935514188448
811,-643.7680300921957,2.3851398502339065,333.4801202815641
812,-591.6874297726608,2.114617072133383,337.5280311878781
813,-633.5402713161827,2.334832773650586,333.14743198957586
814,-653.704782173401,2.4357736985752343,333.10008449709176
815,-619.8974593538428,2.2602655077840255,335.688714106343
816,-642.1809240295976,2.374222115366103,334.6730018364592
817,-619.9591622915436,2.2617014715048223,335.2377353326589
818,-645.0491512387285,2.391925277352099,333.328191879939
819,-640.3274861106324,2.367258745593107,333.7514735262586
820,-590.9407846512963,2.1025876117386946,340.8465250267317
821,-625.1470343880073,2.280421883065121,338.1253150540561
822,-606.662314336105,2.181730802886669,340.63230652572156
823,-653.6094123277227,2.4350405856740585,333.2025898899111
824,-662.3234283003945,2.479360668441581,332.90258952933226
825,-629.7377615983188,2.3124619308599677,334.490750814504
826,-618.134018154499,2.2517392051300282,335.57235391366436
827,-598.1482875653,2.1474749347527418,337.3066020305898
828,-589.6161127186541,2.098993578989806,339.6347947187653
829,-724.9585192563248,2.804852282741298,327.9761256068652
830,-609.9816583360506,2.2063973048253804,337.40439397900917
831,-618.7828191283489,2.2532932164586774,336.24835247431287
832,-632.615258397282,2.3269966311244694,334.43186415404125
833,-609.9295151240955,2.1981760156530497,340.5886231095899
834,-627.4850888287937,2.295054165839764,336.9485113598286
835,-631.6650995255371,2.3172720179441395,336.4213917208306
836,-601.1675234555815,2.1604556219555695,338.1527980907877
837,-591.4822425171412,2.112891910094783,337.8077214159855
838,-604.718080498094,2.18117355365885,336.96674025744073
839,-681.2238045274651,2.5797294212404434,330.55584158872045
840,-656.5748188819939,2.448054499861537,333.9278369419925
841,-617.892821055898,2.246552904038848,337.1644804962566
842,-626.0179739837972,2.292198384973217,335.1565939020131
843,-627.852657245602,2.295292181007751,337.58844281289583
844,-602.4126193206034,2.167576503218374,337.79463723941757
845,-591.7338951168986,2.1125985051398284,338.4283883304533
846,-578.4842627403825,2.046665934001702,338.30215226155417
847,-646.0769469549559,2.394598829491523,334.3143621895966
848,-606.0842967795555,2.1802502952880185,340.06847498614036
849,-593.379694020594,2.120608675973715,338.5159170413494
850,-610.0501617881511,2.2110112185338933,335.69583543795204
851,-624.0486774214475,2.282458961794762,335.1137697435214
852,-531.0713958211143,1.8018047078825423,341.42090856550516
853,-618.3154817635505,2.2479146058593247,337.46512450215727
854,-665.0498271281954,2.495284429179106,331.9858817455151
855,-672.4295329736979,2.5318111403831876,332.1346104807659
856,-599.2039866237159,2.1557088660315826,336.1244279792074
857,-615.2666259963889,2.237086267510355,335.6987451793694
858,-551.6407598086821,1.9069277200924935,340.51043138963183
859,-623.7708972671302,2.2830900402317242,334.30577847971887
860,-660.3999768776306,2.472188744359809,331.92445604948466
861,-618.9130289615573,2.2439873381125794,340.2311221058779
862,-661.5171713009863,2.4760206935269067,332.62606336015494
863,-677.7436357451891,2.5613680787380573,330.9400400333017
864,-656.4151675124384,2.4481678899011867,333.5631807428696
865,-601.0083837285104,2.1567906532091747,339.3005063640853
866,-613.5182854422746,2.2239110225637386,337.4721606764968
867,-619.6781661641982,2.2575970104724132,336.3175289023711
868,-662.1678442568304,2.4743555633675247,334.5934628614757
869,-619.0112253066302,2.249159286778272,338.35873491013
870,-654.090651385828,2.437076589229977,333.35066673634356
871,-651.1169785871364,2.424460372614043,332.4498072131284
872,-645.6234751568402,2.3908364277693552,334.912378824469
873,-639.9848678956378,2.3603999395404696,335.80976119579054
874,-555.9940183504724,1.9317868032091154,339.27331492138785
875,-629.5189320638193,2.3062278521458492,336.54672407038413
876,-638.1019634795479,2.3528952819666187,335.04581360024474
877,-640.7034653702792,2.364048784275052,335.78741622945034
878,-643.7626475271334,2.385014990714877,333.5192976620526
879,-625.6071060278607,2.287130955756874,336.36183009629497
880,-642.484729282842,2.3760779656368824,334.5382723490774
881,-636.192615854017,2.346877051100478,333.63441145857837
882,-638.993245836977,2.3626838199224367,332.91296332350925
883,-588.3495924640313,2.0957685205799224,338.3917795952634
884,-624.3407198093804,2.2816009430439292,336.04106263007105
885,-686.6812730371348,2.604284977863853,331.6485540513461
886,-621.1435408511203,2.2686080755680065,334.8438517420664
887,-638.1018089387995,2.354121070849905,334.55518804990527
888,-587.5286872786564,2.090994554608392,338.6595519510161
889,-638.4111949415976,2.3553608453124353,334.67805255930676
890,-645.1199961475867,2.390688503356202,333.96459183007215
891,-665.4445051130308,2.4932689691371936,333.5814239826216
892,-599.674753425786,2.1529087764285317,338.18599536463086
893,-622.7670867457996,2.273149690333657,336.2742970529604
894,-592.3158169461718,2.1156051216443843,338.38958397574004
895,-633.4142148023433,2.3237758255179672,337.3180987490018
896,-661.6095866798569,2.4765085052367883,332.61577111241075
897,-645.293713163105,2.384711311883408,336.7029011532309
898,-651.8073927587783,2.424850952348879,333.67440370062565
899,-628.7422654497037,2.30043571455887,337.3102452284469
900,-543.39361619245,1.8651353968962787,340.7330735882417
901,-624.1707538230249,2.277802055479758,337.22068400456095
902,-656.0891720456789,2.4431856757001413,334.90407434535933
903,-600.5532956611512,2.1581513261644005,337.84606032248456
904,-613.8961951374473,2.2230434848963823,338.5749963163414
905,-604.462246224023,2.1717280102649603,340.23328757912344
906,-648.6962849948754,2.4086194841074957,333.94477634675263
907,-616.3972907314203,2.240208584287879,336.7111475951003
908,-596.9065990802417,2.138246629486643,338.51454621323757
909,-630.0076874127905,2.313915102788952,334.4493341677634
910,-621.0417625321973,2.260834323066602,337.7497964099572
911,-596.965026578561,2.134304036035124,340.20843904824824
912,-643.9615864824235,2.3837599295726672,334.4192004491345
913,-631.7691315872863,2.318039015227944,336.3226583803924
914,-603.5155555020343,2.1666177668784763,340.3840055496754
915,-587.7550680372947,2.0884659121149856,340.1237698553035
916,-605.6564579549527,2.1817183051978346,338.6255928770955
917,-619.1227141494419,2.2550214447564807,336.2368503199973
918,-667.765921266939,2.5124131731239614,330.56657275023576
919,-591.6185966802626,2.1127028803685484,338.1560415945754
920,-553.1315815294354,1.9140316716098225,340.65049555934985
921,-650.5239640480504,2.417305657981542,334.1256642549855
922,-608.7950173195616,2.2009977777521486,337.1909228897644
923,-613.2668438449542,2.220175398694554,338.46352779247064
924,-584.6473378252023,2.079250388624443,337.59451928509986
925,-590.7754582987318,2.1086143321659754,338.10518491363007
926,-638.2960172528909,2.3531757087323344,335.3217507458198
927,-660.3972008120071,2.464385040030069,335.0403851160762
928,-586.7592595114096,2.085196196472522,339.44003959457643
929,-587.1988231606849,2.085770535842585,340.0894305728975
930,-659.2892124788784,2.46112722686101,334.12753531961454
931,-566.7554300380091,1.9867510717967523,338.8104317769329
932,-613.7532467366668,2.2274852234065983,336.51240411069426
933,-605.5440048913896,2.1820613725750992,338.26345911241987
934,-588.0931846157232,2.0960588514709646,337.7628279945617
935,-618.5967592327564,2.252405949227168,336.231139346851
936,-623.9017492393514,2.2858668046369157,333.4567762424667
937,-621.5588141170183,2.2647487680411214,337.2181215897928
938,-623.0774707151037,2.274292183867366,336.4380667007044
939,-621.4072673332842,2.262237857906988,337.91939112230443
940,-584.1841166961755,2.073387062011452,339.01340896923983
941,-635.6835520776997,2.3395212470063522,335.5586049332423
942,-627.4827873934806,2.2978611662446133,335.82110905205445
943,-617.8048944831407,2.2476519281570297,336.5490167497948
944,-586.1190448354588,2.091360748139115,335.69379056785925
945,-585.8255400051893,2.080914098325295,339.2854392306766
946,-627.7969821358424,2.3007298654873396,335.3020162838407
947,-594.6454309241617,2.13175352983569,336.58945098216316
948,-635.5314433700748,2.3364485872781473,336.4834518288906
949,-566.0532646217945,1.9916301529387894,335.45446757216234
950,-619.3149558702269,2.2496155566008404,338.78368898567794
951,-577.7178186116586,2.044149477666986,337.77584703390306
952,-595.7019533562401,2.1344109275457166,337.6395354271647
953,-610.5841379433658,2.208184388670439,337.8945215629657
954,-583.1584280748091,2.066764299515773,339.61113645774986
955,-615.0667877174659,2.232639779642147,337.0776628151335
956,-609.5919602156458,2.2073017967711177,336.26320221875596
957,-605.9670527266779,2.182653402626149,338.87274451733674
958,-624.9283626703293,2.2815805658894646,337.2244977260223
959,-615.9325304970051,2.2387263357882228,336.37452683130925
960,-618.5513894701595,2.250065431986771,337.07660606931677
961,-617.5372608471286,2.244146302102171,337.41600100597697
962,-593.6243927071207,2.120881359671751,338.8962406681611
963,-611.6845869270606,2.218606990174748,335.9263791193655
964,-583.7484056630277,2.072982902692905,338.3036507448043
965,-636.8667587926955,2.345189273734015,335.657807977345
966,-590.084767757692,2.1023872010583813,339.21465608385284
967,-627.8073085539643,2.2978350744958997,336.48058696624474
968,-628.6893271723332,2.3017972706854577,336.65974557457275
969,-602.4599962861072,2.1660577512240122,338.49689315072624
970,-615.3578954615795,2.234321559162071,336.9871691275323
971,-590.9010485756238,2.108347516238757,338.4630905031574
972,-631.2662422722733,2.3183883319409513,335.17715241666417
973,-614.8525307518363,2.2300587956476567,337.681542252788
974,-625.8269412776875,2.2864587119958433,337.07039813850696
975,-644.7994461172697,2.383185914066979,336.3245282099207
976,-566.1815192415571,1.9811341399723148,339.9093823034525
977,-663.7294414330241,2.4796851474565376,335.5848237689931
978,-633.7426665185644,2.3290366083124043,335.8706897884608
979,-613.2602740624087,2.2252015110818246,336.43994231879725
980,-606.8512094002442,2.185939456472285,339.32663693636556
981,-610.0646901355656,2.2108470349075113,335.79056611739134
982,-653.5322650269401,2.4270613418564424,336.2399926628043
983,-634.7440805382631,2.3457853318205326,331.1740281194307
984,-646.8995451978072,2.3933857197408246,336.4448021559607
985,-619.8323270228063,2.2557500456327584,337.36463563992163
986,-578.2355612746322,2.0436268653510608,339.02037659957386
987,-593.393748608155,2.1199668088649575,338.80077386106103
988,-625.7658419156608,2.2863087936749404,337.0081660180225
989,-608.0770888360101,2.196392453330962,337.5971971407205
990,-621.3355503462373,2.2626699264756507,337.6031289578048
991,-625.4157042354684,2.286466031506691,336.24499579196663
992,-644.0506902613776,2.3845534399036215,334.2800056675689
993,-636.8114995306693,2.348625245311059,334.1729012802381
994,-627.8498764672883,2.3065271129091642,333.0889072749999
995,-568.1954530349144,1.9896644964747425,340.5251082047247
996,-608.734262342657,2.204904943532972,335.5065462421561
997,-639.6691979396778,2.3602338199240744,335.2448684819306
998,-612.2212562455038,2.218073754472733,337.21301093079603
999,-599.1379769408569,2.1539576875484867,336.6928794726701
